time,S,    I    ,    R    ,i rate per Timestep
0,4000,0,0,0
0.02,3995,5,0,0
0.04,3995,5,0,0
0.06,3995,5,0,0
0.08,3995,5,0,0
0.1,3995,5,0,0
0.12,3995,5,0,0
0.14,3995,5,0,0
0.16,3995,5,0,0
0.18,3995,5,0,0
0.2,3995,5,0,0
0.22,3995,5,0,0
0.24,3995,5,0,0
0.26,3995,5,0,0
0.28,3995,5,0,0
0.3,3995,5,0,0
0.32,3995,5,0,0
0.34,3995,5,0,0
0.36,3995,5,0,0
0.38,3995,5,0,0
0.4,3995,5,0,0
0.42,3995,5,0,0
0.44,3995,5,0,0
0.46,3995,5,0,0
0.48,3995,5,0,0
0.5,3995,5,0,0
0.52,3995,5,0,0
0.54,3995,5,0,0
0.56,3995,5,0,0
0.58,3995,5,0,0
0.6,3995,5,0,0
0.62,3995,5,0,0
0.64,3995,5,0,0
0.66,3995,5,0,0
0.68,3995,5,0,0
0.7,3995,5,0,0
0.72,3995,5,0,0
0.74,3995,5,0,0
0.76,3995,5,0,0
0.78,3995,5,0,0
0.8,3995,5,0,0
0.82,3995,5,0,0
0.84,3995,5,0,0
0.86,3995,5,0,0
0.88,3995,5,0,0
0.9,3995,5,0,0
0.92,3995,5,0,0
0.94,3995,5,0,0
0.96,3995,5,0,0
0.98,3995,5,0,0
1,3995,5,0,0
1.02,3995,5,0,0
1.04,3995,5,0,0
1.06,3995,5,0,0
1.08,3995,5,0,1
1.1,3994,6,0,0
1.12,3994,6,0,0
1.14,3994,6,0,0
1.16,3994,6,0,0
1.18,3994,6,0,0
1.2,3994,6,0,0
1.22,3994,6,0,0
1.24,3994,6,0,0
1.26,3994,6,0,1
1.28,3993,7,0,0
1.3,3993,7,0,0
1.32,3993,7,0,0
1.34,3993,7,0,0
1.36,3993,7,0,0
1.38,3993,7,0,0
1.4,3993,7,0,0
1.42,3993,7,0,0
1.44,3993,7,0,0
1.46,3993,7,0,0
1.48,3993,7,0,0
1.5,3993,7,0,0
1.52,3993,7,0,0
1.54,3993,7,0,0
1.56,3993,7,0,0
1.58,3993,7,0,0
1.6,3993,7,0,0
1.62,3993,7,0,0
1.64,3993,7,0,0
1.66,3993,7,0,0
1.68,3993,7,0,0
1.7,3993,7,0,0
1.72,3993,7,0,0
1.74,3993,7,0,0
1.76,3993,7,0,0
1.78,3993,7,0,1
1.8,3992,8,0,0
1.82,3992,8,0,0
1.84,3992,8,0,0
1.86,3992,8,0,0
1.88,3992,8,0,0
1.9,3992,8,0,0
1.92,3992,8,0,0
1.94,3992,8,0,0
1.96,3992,8,0,0
1.98,3992,8,0,0
2,3992,8,0,0
2.02,3992,8,0,0
2.04,3992,8,0,0
2.06,3992,8,0,0
2.08,3992,8,0,0
2.1,3992,8,0,0
2.12,3992,8,0,0
2.14,3992,8,0,0
2.16,3992,8,0,0
2.18,3992,8,0,0
2.2,3992,8,0,0
2.22,3992,8,0,0
2.24,3992,8,0,0
2.26,3992,8,0,0
2.28,3992,8,0,0
2.3,3992,8,0,0
2.32,3992,8,0,0
2.34,3992,8,0,0
2.36,3992,8,0,0
2.38,3992,8,0,0
2.4,3992,8,0,0
2.42,3992,8,0,0
2.44,3992,8,0,0
2.46,3992,8,0,0
2.48,3992,8,0,0
2.5,3992,8,0,0
2.52,3992,8,0,0
2.54,3992,8,0,0
2.56,3992,8,0,1
2.58,3991,9,0,0
2.6,3991,9,0,0
2.62,3991,9,0,0
2.64,3991,9,0,0
2.66,3991,9,0,0
2.68,3991,9,0,0
2.7,3991,9,0,0
2.72,3991,9,0,0
2.74,3991,9,0,0
2.76,3991,9,0,0
2.78,3991,9,0,0
2.8,3991,9,0,0
2.82,3991,9,0,0
2.84,3991,9,0,0
2.86,3991,9,0,0
2.88,3991,9,0,0
2.9,3991,9,0,0
2.92,3991,9,0,0
2.94,3991,9,0,0
2.96,3991,9,0,0
2.98,3991,9,0,0
3,3991,9,0,0
3.02,3991,9,0,1
3.04,3990,10,0,0
3.06,3990,10,0,0
3.08,3990,10,0,0
3.1,3990,10,0,1
3.12,3989,11,0,0
3.14,3989,11,0,0
3.16,3989,11,0,0
3.18,3989,11,0,0
3.2,3989,11,0,0
3.22,3989,11,0,0
3.24,3989,11,0,0
3.26,3989,11,0,1
3.28,3988,12,0,0
3.3,3988,12,0,0
3.32,3988,12,0,0
3.34,3988,12,0,0
3.36,3988,12,0,0
3.38,3988,12,0,1
3.4,3987,13,0,0
3.42,3987,13,0,0
3.44,3987,13,0,0
3.46,3987,13,0,0
3.48,3987,13,0,1
3.5,3986,14,0,0
3.52,3986,14,0,0
3.54,3986,14,0,0
3.56,3986,14,0,0
3.58,3986,14,0,0
3.6,3986,14,0,1
3.62,3985,15,0,0
3.64,3985,15,0,0
3.66,3985,15,0,0
3.68,3985,15,0,0
3.7,3985,15,0,0
3.72,3985,15,0,0
3.74,3985,15,0,0
3.76,3985,15,0,0
3.78,3985,15,0,0
3.8,3985,15,0,0
3.82,3985,15,0,0
3.84,3985,15,0,0
3.86,3985,15,0,0
3.88,3985,15,0,0
3.9,3985,15,0,0
3.92,3985,15,0,1
3.94,3984,16,0,0
3.96,3984,16,0,0
3.98,3984,16,0,0
4,3984,16,0,0
4.02,3984,16,0,0
4.04,3984,16,0,0
4.06,3984,16,0,0
4.08,3984,16,0,0
4.1,3984,16,0,0
4.12,3984,16,0,0
4.14,3984,16,0,0
4.16,3984,16,0,1
4.18,3983,17,0,0
4.2,3983,17,0,1
4.22,3982,18,0,1
4.24,3981,19,0,0
4.26,3981,19,0,0
4.28,3981,19,0,0
4.3,3981,19,0,0
4.32,3981,19,0,0
4.34,3981,19,0,0
4.36,3981,19,0,0
4.38,3981,19,0,0
4.4,3981,19,0,0
4.42,3981,19,0,0
4.44,3981,19,0,0
4.46,3981,19,0,0
4.48,3981,19,0,0
4.5,3981,19,0,0
4.52,3981,19,0,0
4.54,3981,19,0,0
4.56,3981,19,0,0
4.58,3981,19,0,0
4.6,3981,19,0,0
4.62,3981,19,0,0
4.64,3981,19,0,0
4.66,3981,19,0,1
4.68,3980,20,0,0
4.7,3980,20,0,0
4.72,3980,20,0,0
4.74,3980,20,0,0
4.76,3980,20,0,0
4.78,3980,20,0,1
4.8,3979,21,0,0
4.82,3979,21,0,0
4.84,3979,21,0,0
4.86,3979,21,0,0
4.88,3979,21,0,0
4.9,3979,21,0,0
4.92,3979,21,0,0
4.94,3979,21,0,0
4.96,3979,21,0,0
4.98,3979,21,0,0
5,3979,21,0,0
5.02,3979,21,0,0
5.04,3979,21,0,1
5.06,3978,22,0,0
5.08,3978,22,0,0
5.1,3978,22,0,1
5.12,3977,23,0,0
5.14,3977,23,0,0
5.16,3977,23,0,1
5.18,3976,24,0,0
5.2,3976,24,0,1
5.22,3975,25,0,0
5.24,3975,25,0,0
5.26,3975,25,0,0
5.28,3975,25,0,0
5.3,3975,25,0,0
5.32,3975,25,0,0
5.34,3975,25,0,0
5.36,3975,25,0,0
5.38,3975,25,0,0
5.4,3975,25,0,0
5.42,3975,25,0,0
5.44,3975,25,0,0
5.46,3975,25,0,0
5.48,3975,25,0,0
5.5,3975,25,0,1
5.52,3974,26,0,0
5.54,3974,26,0,0
5.56,3974,26,0,0
5.58,3974,26,0,0
5.6,3974,26,0,0
5.62,3974,26,0,0
5.64,3974,26,0,0
5.66,3974,26,0,0
5.68,3974,26,0,0
5.7,3974,26,0,0
5.72,3974,26,0,0
5.74,3974,26,0,0
5.76,3974,26,0,0
5.78,3974,26,0,0
5.8,3974,26,0,0
5.82,3974,26,0,0
5.84,3974,26,0,0
5.86,3974,26,0,1
5.88,3973,27,0,0
5.9,3973,27,0,0
5.92,3973,27,0,0
5.94,3973,27,0,0
5.96,3973,27,0,0
5.98,3973,27,0,0
6,3973,27,0,0
6.02,3973,27,0,0
6.04,3973,27,0,0
6.06,3973,27,0,0
6.08,3973,27,0,0
6.1,3973,27,0,0
6.12,3973,27,0,0
6.14,3973,27,0,0
6.16,3973,27,0,0
6.18,3973,27,0,0
6.2,3973,27,0,0
6.22,3973,27,0,0
6.24,3973,27,0,0
6.26,3973,27,0,0
6.28,3973,27,0,0
6.3,3973,27,0,0
6.32,3973,27,0,0
6.34,3973,27,0,0
6.36,3973,27,0,0
6.38,3973,27,0,0
6.4,3973,27,0,0
6.42,3973,27,0,0
6.44,3973,27,0,0
6.46,3973,27,0,0
6.48,3973,27,0,0
6.5,3973,27,0,1
6.52,3972,28,0,0
6.54,3972,28,0,0
6.56,3972,28,0,0
6.58,3972,28,0,0
6.6,3972,28,0,0
6.62,3972,28,0,0
6.64,3972,28,0,0
6.66,3972,28,0,0
6.68,3972,28,0,0
6.7,3972,28,0,0
6.72,3972,28,0,0
6.74,3972,28,0,0
6.76,3972,28,0,0
6.78,3972,28,0,0
6.8,3972,28,0,0
6.82,3972,28,0,0
6.84,3972,28,0,0
6.86,3972,28,0,2
6.88,3970,30,0,0
6.9,3970,30,0,1
6.92,3969,31,0,0
6.94,3969,31,0,0
6.96,3969,31,0,0
6.98,3969,31,0,0
7,3969,31,0,0
7.02,3969,31,0,0
7.04,3969,31,0,0
7.06,3969,31,0,0
7.08,3969,31,0,0
7.1,3969,31,0,0
7.12,3969,31,0,0
7.14,3969,31,0,0
7.16,3969,31,0,1
7.18,3968,32,0,0
7.2,3968,32,0,0
7.22,3968,32,0,0
7.24,3968,32,0,0
7.26,3968,32,0,0
7.28,3968,32,0,0
7.3,3968,32,0,0
7.32,3968,32,0,0
7.34,3968,32,0,0
7.36,3968,32,0,0
7.38,3968,32,0,0
7.4,3968,32,0,0
7.42,3968,32,0,0
7.44,3968,32,0,0
7.46,3968,32,0,1
7.48,3967,33,0,0
7.5,3967,33,0,0
7.52,3967,33,0,0
7.54,3967,33,0,0
7.56,3967,33,0,0
7.58,3967,33,0,0
7.6,3967,33,0,0
7.62,3967,33,0,0
7.64,3967,33,0,0
7.66,3967,33,0,0
7.68,3967,33,0,0
7.7,3967,33,0,0
7.72,3967,33,0,0
7.74,3967,33,0,1
7.76,3966,34,0,0
7.78,3966,34,0,0
7.8,3966,34,0,0
7.82,3966,34,0,0
7.84,3966,34,0,1
7.86,3965,35,0,0
7.88,3965,35,0,0
7.9,3965,35,0,0
7.92,3965,35,0,0
7.94,3965,35,0,0
7.96,3965,35,0,0
7.98,3965,35,0,1
8,3964,36,0,0
8.02,3964,36,0,0
8.04,3964,36,0,0
8.06,3964,36,0,0
8.08,3964,36,0,1
8.1,3963,37,0,0
8.12,3963,37,0,0
8.14,3963,37,0,0
8.16,3963,37,0,0
8.18,3963,37,0,0
8.2,3963,37,0,1
8.22,3962,38,0,0
8.24,3962,38,0,0
8.26,3962,38,0,0
8.28,3962,38,0,0
8.3,3962,38,0,0
8.32,3962,38,0,0
8.34,3962,38,0,0
8.36,3962,38,0,0
8.38,3962,38,0,0
8.4,3962,38,0,0
8.42,3962,38,0,0
8.44,3962,38,0,0
8.46,3962,38,0,0
8.48,3962,38,0,0
8.5,3962,38,0,1
8.52,3961,39,0,0
8.54,3961,39,0,0
8.56,3961,39,0,0
8.58,3961,39,0,0
8.6,3961,39,0,0
8.62,3961,39,0,0
8.64,3961,39,0,1
8.66,3960,40,0,0
8.68,3960,40,0,0
8.7,3960,40,0,2
8.72,3958,42,0,0
8.74,3958,42,0,0
8.76,3958,42,0,1
8.78,3957,43,0,1
8.8,3956,44,0,1
8.82,3955,45,0,1
8.84,3954,46,0,0
8.86,3954,46,0,0
8.88,3954,46,0,0
8.9,3954,46,0,0
8.92,3954,46,0,0
8.94,3954,46,0,0
8.96,3954,46,0,0
8.98,3954,46,0,0
9,3954,46,0,0
9.02,3954,46,0,1
9.04,3953,47,0,0
9.06,3953,47,0,0
9.08,3953,47,0,1
9.1,3952,48,0,1
9.12,3951,49,0,0
9.14,3951,49,0,0
9.16,3951,49,0,0
9.18,3951,49,0,0
9.2,3951,49,0,0
9.22,3951,49,0,0
9.24,3951,49,0,0
9.26,3951,49,0,0
9.28,3951,49,0,0
9.3,3951,49,0,0
9.32,3951,49,0,0
9.34,3951,49,0,0
9.36,3951,49,0,0
9.38,3951,49,0,0
9.4,3951,49,0,1
9.42,3950,50,0,1
9.44,3949,51,0,0
9.46,3949,51,0,0
9.48,3949,51,0,0
9.5,3949,51,0,0
9.52,3949,51,0,0
9.54,3949,51,0,0
9.56,3949,51,0,0
9.58,3949,51,0,2
9.6,3947,53,0,0
9.62,3947,53,0,0
9.64,3947,53,0,0
9.66,3947,53,0,2
9.68,3945,55,0,0
9.7,3945,55,0,0
9.72,3945,55,0,0
9.74,3945,55,0,0
9.76,3945,55,0,0
9.78,3945,55,0,0
9.8,3945,55,0,1
9.82,3944,56,0,0
9.84,3944,56,0,2
9.86,3942,58,0,2
9.88,3940,60,0,0
9.9,3940,60,0,2
9.92,3938,62,0,0
9.94,3938,62,0,1
9.96,3937,63,0,0
9.98,3937,63,0,0
10,3937,63,0,0
10.02,3937,58,5,1
10.04,3936,59,5,1
10.06,3935,60,5,0
10.08,3935,60,5,0
10.1,3935,60,5,0
10.12,3935,60,5,0
10.14,3935,60,5,0
10.16,3935,60,5,0
10.18,3935,60,5,0
10.2,3935,60,5,1
10.22,3934,61,5,0
10.24,3934,61,5,0
10.26,3934,61,5,0
10.28,3934,61,5,0
10.3,3934,61,5,1
10.32,3933,62,5,0
10.34,3933,62,5,1
10.36,3932,63,5,1
10.38,3931,64,5,0
10.4,3931,64,5,1
10.42,3930,65,5,0
10.44,3930,65,5,2
10.46,3928,67,5,0
10.48,3928,67,5,0
10.5,3928,67,5,1
10.52,3927,68,5,1
10.54,3926,69,5,0
10.56,3926,69,5,0
10.58,3926,69,5,1
10.6,3925,70,5,0
10.62,3925,70,5,0
10.64,3925,70,5,2
10.66,3923,72,5,1
10.68,3922,73,5,0
10.7,3922,73,5,0
10.72,3922,73,5,0
10.74,3922,73,5,1
10.76,3921,74,5,0
10.78,3921,74,5,2
10.8,3919,76,5,0
10.82,3919,76,5,0
10.84,3919,76,5,0
10.86,3919,76,5,0
10.88,3919,76,5,1
10.9,3918,77,5,1
10.92,3917,78,5,1
10.94,3916,79,5,1
10.96,3915,80,5,0
10.98,3915,80,5,0
11,3915,80,5,1
11.02,3914,81,5,0
11.04,3914,81,5,0
11.06,3914,81,5,1
11.08,3913,82,5,0
11.1,3913,82,5,0
11.12,3913,81,6,0
11.14,3913,81,6,1
11.16,3912,82,6,0
11.18,3912,82,6,0
11.2,3912,82,6,0
11.22,3912,82,6,0
11.24,3912,82,6,0
11.26,3912,82,6,0
11.28,3912,82,6,0
11.3,3912,81,7,1
11.32,3911,82,7,1
11.34,3910,83,7,0
11.36,3910,83,7,1
11.38,3909,84,7,0
11.4,3909,84,7,0
11.42,3909,84,7,0
11.44,3909,84,7,2
11.46,3907,86,7,0
11.48,3907,86,7,0
11.5,3907,86,7,1
11.52,3906,87,7,0
11.54,3906,87,7,1
11.56,3905,88,7,0
11.58,3905,88,7,0
11.6,3905,88,7,1
11.62,3904,89,7,0
11.64,3904,89,7,1
11.66,3903,90,7,0
11.68,3903,90,7,0
11.7,3903,90,7,1
11.72,3902,91,7,0
11.74,3902,91,7,0
11.76,3902,91,7,1
11.78,3901,92,7,2
11.8,3899,94,7,0
11.82,3899,93,8,0
11.84,3899,93,8,3
11.86,3896,96,8,0
11.88,3896,96,8,0
11.9,3896,96,8,0
11.92,3896,96,8,2
11.94,3894,98,8,0
11.96,3894,98,8,0
11.98,3894,98,8,2
12,3892,100,8,0
12.02,3892,100,8,2
12.04,3890,102,8,0
12.06,3890,102,8,1
12.08,3889,103,8,1
12.1,3888,104,8,0
12.12,3888,104,8,0
12.14,3888,104,8,0
12.16,3888,104,8,1
12.18,3887,105,8,1
12.2,3886,106,8,0
12.22,3886,106,8,2
12.24,3884,108,8,0
12.26,3884,108,8,0
12.28,3884,108,8,0
12.3,3884,108,8,0
12.32,3884,108,8,0
12.34,3884,108,8,0
12.36,3884,108,8,0
12.38,3884,108,8,1
12.4,3883,109,8,0
12.42,3883,109,8,1
12.44,3882,110,8,1
12.46,3881,111,8,0
12.48,3881,111,8,0
12.5,3881,111,8,0
12.52,3881,111,8,1
12.54,3880,112,8,3
12.56,3877,115,8,0
12.58,3877,115,8,1
12.6,3876,115,9,2
12.62,3874,117,9,0
12.64,3874,117,9,2
12.66,3872,119,9,1
12.68,3871,120,9,1
12.7,3870,121,9,3
12.72,3867,124,9,4
12.74,3863,128,9,1
12.76,3862,129,9,3
12.78,3859,132,9,1
12.8,3858,133,9,3
12.82,3855,136,9,1
12.84,3854,137,9,0
12.86,3854,137,9,0
12.88,3854,137,9,0
12.9,3854,137,9,1
12.92,3853,138,9,1
12.94,3852,139,9,0
12.96,3852,139,9,0
12.98,3852,139,9,2
13,3850,141,9,0
13.02,3850,141,9,0
13.04,3850,141,9,1
13.06,3849,141,10,1
13.08,3848,142,10,0
13.1,3848,142,10,0
13.12,3848,142,10,0
13.14,3848,141,11,1
13.16,3847,142,11,0
13.18,3847,142,11,1
13.2,3846,143,11,1
13.22,3845,144,11,0
13.24,3845,144,11,1
13.26,3844,145,11,2
13.28,3842,147,11,1
13.3,3841,147,12,2
13.32,3839,149,12,0
13.34,3839,149,12,1
13.36,3838,150,12,0
13.38,3838,150,12,1
13.4,3837,151,12,1
13.42,3836,151,13,0
13.44,3836,151,13,0
13.46,3836,151,13,2
13.48,3834,153,13,0
13.5,3834,153,13,0
13.52,3834,152,14,1
13.54,3833,153,14,0
13.56,3833,153,14,0
13.58,3833,153,14,0
13.6,3833,153,14,1
13.62,3832,154,14,1
13.64,3831,154,15,0
13.66,3831,154,15,0
13.68,3831,154,15,2
13.7,3829,156,15,0
13.72,3829,156,15,1
13.74,3828,157,15,0
13.76,3828,157,15,1
13.78,3827,158,15,2
13.8,3825,160,15,1
13.82,3824,161,15,1
13.84,3823,162,15,0
13.86,3823,162,15,0
13.88,3823,162,15,0
13.9,3823,162,15,1
13.92,3822,163,15,1
13.94,3821,164,15,1
13.96,3820,164,16,1
13.98,3819,165,16,2
14,3817,167,16,1
14.02,3816,168,16,1
14.04,3815,169,16,1
14.06,3814,170,16,1
14.08,3813,171,16,2
14.1,3811,173,16,0
14.12,3811,173,16,0
14.14,3811,173,16,1
14.16,3810,174,16,2
14.18,3808,176,16,0
14.2,3808,175,17,0
14.22,3808,175,17,0
14.24,3808,174,18,1
14.26,3807,174,19,0
14.28,3807,174,19,1
14.3,3806,175,19,1
14.32,3805,176,19,2
14.34,3803,178,19,1
14.36,3802,179,19,1
14.38,3801,180,19,1
14.4,3800,181,19,4
14.42,3796,185,19,1
14.44,3795,186,19,1
14.46,3794,187,19,0
14.48,3794,187,19,1
14.5,3793,188,19,0
14.52,3793,188,19,2
14.54,3791,190,19,0
14.56,3791,190,19,0
14.58,3791,190,19,2
14.6,3789,192,19,0
14.62,3789,192,19,1
14.64,3788,193,19,2
14.66,3786,195,19,1
14.68,3785,196,19,0
14.7,3785,195,20,1
14.72,3784,196,20,1
14.74,3783,197,20,0
14.76,3783,197,20,2
14.78,3781,199,20,0
14.8,3781,199,20,0
14.82,3781,198,21,3
14.84,3778,201,21,2
14.86,3776,203,21,0
14.88,3776,203,21,2
14.9,3774,205,21,0
14.92,3774,205,21,1
14.94,3773,206,21,1
14.96,3772,207,21,2
14.98,3770,209,21,1
15,3769,210,21,0
15.02,3769,210,21,3
15.04,3766,213,21,1
15.06,3765,214,21,0
15.08,3765,213,22,3
15.1,3762,216,22,0
15.12,3762,216,22,0
15.14,3762,215,23,0
15.16,3762,215,23,1
15.18,3761,216,23,1
15.2,3760,216,24,1
15.22,3759,217,24,1
15.24,3758,217,25,2
15.26,3756,219,25,0
15.28,3756,219,25,0
15.3,3756,219,25,1
15.32,3755,220,25,3
15.34,3752,223,25,2
15.36,3750,225,25,0
15.38,3750,225,25,0
15.4,3750,225,25,0
15.42,3750,225,25,0
15.44,3750,225,25,2
15.46,3748,227,25,0
15.48,3748,227,25,4
15.5,3744,231,25,3
15.52,3741,234,25,1
15.54,3740,234,26,2
15.56,3738,236,26,1
15.58,3737,237,26,1
15.6,3736,238,26,1
15.62,3735,239,26,1
15.64,3734,240,26,3
15.66,3731,243,26,0
15.68,3731,243,26,1
15.7,3730,244,26,1
15.72,3729,245,26,1
15.74,3728,246,26,1
15.76,3727,247,26,1
15.78,3726,248,26,1
15.8,3725,249,26,1
15.82,3724,250,26,0
15.84,3724,250,26,2
15.86,3722,252,26,1
15.88,3721,253,26,0
15.9,3721,252,27,2
15.92,3719,254,27,4
15.94,3715,258,27,2
15.96,3713,260,27,0
15.98,3713,260,27,2
16,3711,262,27,3
16.02,3708,265,27,1
16.04,3707,266,27,5
16.06,3702,271,27,3
16.08,3699,274,27,2
16.1,3697,276,27,1
16.12,3696,277,27,0
16.14,3696,277,27,2
16.16,3694,279,27,1
16.18,3693,280,27,1
16.2,3692,281,27,1
16.22,3691,282,27,0
16.24,3691,282,27,2
16.26,3689,284,27,1
16.28,3688,285,27,1
16.3,3687,286,27,1
16.32,3686,287,27,1
16.34,3685,288,27,0
16.36,3685,288,27,1
16.38,3684,289,27,2
16.4,3682,291,27,1
16.42,3681,292,27,0
16.44,3681,292,27,1
16.46,3680,293,27,1
16.48,3679,294,27,1
16.5,3678,295,27,1
16.52,3677,296,27,1
16.54,3676,296,28,0
16.56,3676,296,28,1
16.58,3675,297,28,1
16.6,3674,298,28,2
16.62,3672,300,28,2
16.64,3670,302,28,3
16.66,3667,305,28,1
16.68,3666,306,28,1
16.7,3665,307,28,2
16.72,3663,309,28,0
16.74,3663,309,28,0
16.76,3663,309,28,1
16.78,3662,310,28,2
16.8,3660,312,28,0
16.82,3660,312,28,2
16.84,3658,314,28,1
16.86,3657,315,28,0
16.88,3657,315,28,2
16.9,3655,315,30,0
16.92,3655,315,30,0
16.94,3655,314,31,0
16.96,3655,314,31,2
16.98,3653,316,31,1
17,3652,317,31,2
17.02,3650,319,31,4
17.04,3646,323,31,1
17.06,3645,324,31,3
17.08,3642,327,31,0
17.1,3642,327,31,2
17.12,3640,329,31,2
17.14,3638,331,31,1
17.16,3637,332,31,0
17.18,3637,332,31,0
17.2,3637,331,32,0
17.22,3637,331,32,1
17.24,3636,332,32,1
17.26,3635,333,32,2
17.28,3633,335,32,1
17.3,3632,336,32,0
17.32,3632,336,32,1
17.34,3631,337,32,2
17.36,3629,339,32,4
17.38,3625,343,32,1
17.4,3624,344,32,3
17.42,3621,347,32,2
17.44,3619,349,32,1
17.46,3618,350,32,1
17.48,3617,351,32,5
17.5,3612,355,33,1
17.52,3611,356,33,3
17.54,3608,359,33,0
17.56,3608,359,33,1
17.58,3607,360,33,3
17.6,3604,363,33,3
17.62,3601,366,33,2
17.64,3599,368,33,0
17.66,3599,368,33,0
17.68,3599,368,33,3
17.7,3596,371,33,1
17.72,3595,372,33,1
17.74,3594,373,33,4
17.76,3590,377,33,4
17.78,3586,380,34,2
17.8,3584,382,34,1
17.82,3583,383,34,3
17.84,3580,386,34,3
17.86,3577,389,34,4
17.88,3573,392,35,0
17.9,3573,392,35,2
17.92,3571,394,35,4
17.94,3567,398,35,0
17.96,3567,398,35,1
17.98,3566,399,35,2
18,3564,401,35,2
18.02,3562,402,36,0
18.04,3562,402,36,1
18.06,3561,403,36,3
18.08,3558,406,36,3
18.1,3555,409,36,2
18.12,3553,410,37,4
18.14,3549,414,37,3
18.16,3546,417,37,4
18.18,3542,421,37,3
18.2,3539,424,37,2
18.22,3537,426,37,4
18.24,3533,429,38,1
18.26,3532,430,38,1
18.28,3531,431,38,2
18.3,3529,433,38,1
18.32,3528,434,38,3
18.34,3525,437,38,0
18.36,3525,437,38,1
18.38,3524,438,38,3
18.4,3521,441,38,1
18.42,3520,442,38,4
18.44,3516,446,38,3
18.46,3513,449,38,3
18.48,3510,452,38,2
18.5,3508,454,38,2
18.52,3506,456,38,1
18.54,3505,456,39,1
18.56,3504,457,39,2
18.58,3502,459,39,2
18.6,3500,461,39,2
18.62,3498,463,39,4
18.64,3494,467,39,2
18.66,3492,469,39,3
18.68,3489,471,40,1
18.7,3488,472,40,5
18.72,3483,477,40,5
18.74,3478,480,42,1
18.76,3477,481,42,3
18.78,3474,484,42,4
18.8,3470,487,43,0
18.82,3470,486,44,3
18.84,3467,488,45,2
18.86,3465,489,46,1
18.88,3464,490,46,0
18.9,3464,490,46,0
18.92,3464,490,46,2
18.94,3462,492,46,2
18.96,3460,494,46,3
18.98,3457,497,46,4
19,3453,501,46,4
19.02,3449,505,46,1
19.04,3448,506,46,3
19.06,3445,508,47,6
19.08,3439,514,47,3
19.1,3436,517,47,3
19.12,3433,519,48,4
19.14,3429,522,49,2
19.16,3427,524,49,1
19.18,3426,525,49,2
19.2,3424,527,49,1
19.22,3423,528,49,7
19.24,3416,535,49,3
19.26,3413,538,49,2
19.28,3411,540,49,1
19.3,3410,541,49,3
19.32,3407,544,49,2
19.34,3405,546,49,2
19.36,3403,548,49,0
19.38,3403,548,49,3
19.4,3400,551,49,1
19.42,3399,552,49,5
19.44,3394,556,50,5
19.46,3389,560,51,5
19.48,3384,565,51,4
19.5,3380,569,51,1
19.52,3379,570,51,3
19.54,3376,573,51,4
19.56,3372,577,51,3
19.58,3369,580,51,1
19.6,3368,581,51,3
19.62,3365,582,53,4
19.64,3361,586,53,3
19.66,3358,589,53,1
19.68,3357,590,53,4
19.7,3353,592,55,4
19.72,3349,596,55,4
19.74,3345,600,55,1
19.76,3344,601,55,2
19.78,3342,603,55,0
19.8,3342,603,55,3
19.82,3339,606,55,4
19.84,3335,609,56,4
19.86,3331,613,56,3
19.88,3328,614,58,3
19.9,3325,615,60,1
19.92,3324,616,60,3
19.94,3321,617,62,6
19.96,3315,623,62,6
19.98,3309,628,63,7
20,3302,635,63,3
20.02,3299,638,63,5
20.04,3294,643,63,2
20.06,3292,644,64,1
20.08,3291,644,65,3
20.1,3288,647,65,0
20.12,3288,647,65,3
20.14,3285,650,65,4
20.16,3281,654,65,4
20.18,3277,658,65,2
20.2,3275,660,65,1
20.22,3274,661,65,3
20.24,3271,663,66,1
20.26,3270,664,66,2
20.28,3268,666,66,3
20.3,3265,669,66,4
20.32,3261,673,66,2
20.34,3259,674,67,3
20.36,3256,677,67,3
20.38,3253,679,68,2
20.4,3251,680,69,3
20.42,3248,683,69,1
20.44,3247,683,70,4
20.46,3243,687,70,3
20.48,3240,688,72,2
20.5,3238,690,72,4
20.52,3234,694,72,2
20.54,3232,695,73,6
20.56,3226,700,74,3
20.58,3223,703,74,1
20.6,3222,704,74,0
20.62,3222,703,75,3
20.64,3219,706,75,3
20.66,3216,709,75,6
20.68,3210,713,77,2
20.7,3208,714,78,1
20.72,3207,715,78,2
20.74,3205,717,78,3
20.76,3202,720,78,8
20.78,3194,727,79,1
20.8,3193,728,79,5
20.82,3188,731,81,5
20.84,3183,736,81,2
20.86,3181,738,81,4
20.88,3177,742,81,1
20.9,3176,743,81,3
20.92,3173,745,82,2
20.94,3171,746,83,3
20.96,3168,748,84,4
20.98,3164,751,85,2
21,3162,753,85,3
21.02,3159,756,85,3
21.04,3156,758,86,2
21.06,3154,760,86,5
21.08,3149,765,86,2
21.1,3147,766,87,3
21.12,3144,769,87,2
21.14,3142,771,87,2
21.16,3140,773,87,9
21.18,3131,781,88,5
21.2,3126,786,88,4
21.22,3122,790,88,6
21.24,3116,796,88,5
21.26,3111,801,88,0
21.28,3111,801,88,2
21.3,3109,803,88,3
21.32,3106,806,88,6
21.34,3100,811,89,4
21.36,3096,814,90,3
21.38,3093,817,90,2
21.4,3091,818,91,0
21.42,3091,818,91,4
21.44,3087,822,91,2
21.46,3085,824,91,6
21.48,3079,828,93,6
21.5,3073,834,93,3
21.52,3070,837,93,8
21.54,3062,844,94,3
21.56,3059,847,94,3
21.58,3056,849,95,3
21.6,3053,852,95,4
21.62,3049,856,95,4
21.64,3045,859,96,5
21.66,3040,864,96,3
21.68,3037,866,97,4
21.7,3033,870,97,1
21.72,3032,871,97,1
21.74,3031,871,98,5
21.76,3026,876,98,2
21.78,3024,878,98,7
21.8,3017,884,99,5
21.82,3012,887,101,5
21.84,3007,892,101,0
21.86,3007,892,101,1
21.88,3006,890,104,6
21.9,3000,896,104,7
21.92,2993,903,104,0
21.94,2993,903,104,3
21.96,2990,904,106,4
21.98,2986,908,106,4
22,2982,912,106,4
22.02,2978,914,108,7
22.04,2971,921,108,3
22.06,2968,922,110,4
22.08,2964,926,110,6
22.1,2958,931,111,1
22.12,2957,931,112,3
22.14,2954,934,112,5
22.16,2949,939,112,2
22.18,2947,941,112,4
22.2,2943,944,113,4
22.22,2939,947,114,4
22.24,2935,951,114,5
22.26,2930,954,116,4
22.28,2926,958,116,2
22.3,2924,960,116,2
22.32,2922,962,116,4
22.34,2918,966,116,2
22.36,2916,968,116,4
22.38,2912,972,116,5
22.4,2907,977,116,4
22.42,2903,980,117,5
22.44,2898,985,117,4
22.46,2894,988,118,6
22.48,2888,993,119,4
22.5,2884,997,119,7
22.52,2877,1004,119,2
22.54,2875,1006,119,3
22.56,2872,1008,120,3
22.58,2869,1008,123,5
22.6,2864,1013,123,4
22.62,2860,1016,124,1
22.64,2859,1015,126,4
22.66,2855,1019,126,5
22.68,2850,1022,128,4
22.7,2846,1025,129,2
22.72,2844,1026,130,3
22.74,2841,1026,133,3
22.76,2838,1025,137,4
22.78,2834,1028,138,5
22.8,2829,1030,141,4
22.82,2825,1033,142,2
22.84,2823,1032,145,5
22.86,2818,1036,146,5
22.88,2813,1041,146,6
22.9,2807,1047,146,2
22.92,2805,1049,146,3
22.94,2802,1051,147,5
22.96,2797,1055,148,2
22.98,2795,1057,148,3
23,2792,1060,148,3
23.02,2789,1061,150,2
23.04,2787,1063,150,4
23.06,2783,1067,150,3
23.08,2780,1069,151,5
23.1,2775,1073,152,5
23.12,2770,1078,152,6
23.14,2764,1084,152,4
23.16,2760,1088,152,3
23.18,2757,1090,153,4
23.2,2753,1094,153,3
23.22,2750,1096,154,4
23.24,2746,1099,155,3
23.26,2743,1102,155,5
23.28,2738,1106,156,4
23.3,2734,1108,158,4
23.32,2730,1111,159,3
23.34,2727,1112,161,5
23.36,2722,1117,161,4
23.38,2718,1120,162,1
23.4,2717,1121,162,2
23.42,2715,1122,163,1
23.44,2714,1122,164,4
23.46,2710,1126,164,5
23.48,2705,1131,164,3
23.5,2702,1132,166,4
23.52,2698,1136,166,2
23.54,2696,1138,166,5
23.56,2691,1142,167,6
23.58,2685,1148,167,2
23.6,2683,1150,167,8
23.62,2675,1158,167,5
23.64,2670,1162,168,2
23.66,2668,1163,169,4
23.68,2664,1167,169,3
23.7,2661,1170,169,3
23.72,2658,1171,171,4
23.74,2654,1175,171,1
23.76,2653,1175,172,4
23.78,2649,1179,172,5
23.8,2644,1183,173,0
23.82,2644,1181,175,0
23.84,2644,1180,176,2
23.86,2642,1181,177,4
23.88,2638,1185,177,4
23.9,2634,1189,177,4
23.92,2630,1193,177,2
23.94,2628,1194,178,3
23.96,2625,1196,179,0
23.98,2625,1195,180,2
24,2623,1196,181,3
24.02,2620,1197,183,3
24.04,2617,1199,184,3
24.06,2614,1201,185,6
24.08,2608,1206,186,5
24.1,2603,1210,187,4
24.12,2599,1212,189,3
24.14,2596,1215,189,6
24.16,2590,1221,189,5
24.18,2585,1225,190,7
24.2,2578,1230,192,6
24.22,2572,1236,192,5
24.24,2567,1241,192,5
24.26,2562,1246,192,3
24.28,2559,1248,193,2
24.3,2557,1250,193,3
24.32,2554,1252,194,4
24.34,2550,1255,195,2
24.36,2548,1255,197,1
24.38,2547,1255,198,6
24.4,2541,1260,199,3
24.42,2538,1262,200,3
24.44,2535,1261,204,5
24.46,2530,1265,205,3
24.48,2527,1267,206,7
24.5,2520,1274,206,3
24.52,2517,1276,207,1
24.54,2516,1277,207,8
24.56,2508,1283,209,7
24.58,2501,1290,209,5
24.6,2496,1295,209,9
24.62,2487,1302,211,6
24.64,2481,1308,211,2
24.66,2479,1309,212,5
24.68,2474,1312,214,5
24.7,2469,1316,215,2
24.72,2467,1318,215,4
24.74,2463,1321,216,3
24.76,2460,1323,217,2
24.78,2458,1325,217,3
24.8,2455,1326,219,2
24.82,2453,1328,219,1
24.84,2452,1329,219,5
24.86,2447,1331,222,9
24.88,2438,1338,224,1
24.9,2437,1339,224,5
24.92,2432,1342,226,6
24.94,2426,1348,226,4
24.96,2422,1351,227,7
24.98,2415,1357,228,4
25,2411,1359,230,2
25.02,2409,1360,231,8
25.04,2401,1368,231,1
25.06,2400,1366,234,3
25.08,2397,1368,235,5
25.1,2392,1373,235,2
25.12,2390,1372,238,8
25.14,2383,1379,238,4
25.16,2379,1383,238,3
25.18,2376,1386,238,6
25.2,2370,1391,239,4
25.22,2366,1394,240,4
25.24,2362,1397,241,5
25.26,2357,1401,242,3
25.28,2354,1402,244,1
25.3,2353,1403,244,1
25.32,2352,1404,244,1
25.34,2351,1404,245,3
25.36,2348,1404,248,3
25.38,2345,1405,250,4
25.4,2341,1409,250,2
25.42,2339,1411,250,5
25.44,2334,1416,250,7
25.46,2327,1423,250,4
25.48,2323,1425,252,2
25.5,2321,1427,252,6
25.52,2315,1429,256,3
25.54,2312,1429,259,4
25.56,2308,1432,260,5
25.58,2303,1435,262,2
25.6,2301,1436,263,6
25.62,2295,1441,264,3
25.64,2292,1443,265,5
25.66,2287,1447,266,5
25.68,2282,1449,269,3
25.7,2279,1452,269,2
25.72,2277,1453,270,4
25.74,2273,1456,271,3
25.76,2270,1458,272,3
25.78,2267,1460,273,4
25.8,2263,1463,274,4
25.82,2259,1466,275,4
25.84,2255,1469,276,5
25.86,2250,1474,276,4
25.88,2246,1476,278,3
25.9,2243,1478,279,2
25.92,2241,1480,279,2
25.94,2239,1480,281,5
25.96,2234,1481,285,7
25.98,2227,1486,287,3
26,2224,1489,287,3
26.02,2221,1490,289,4
26.04,2217,1491,292,3
26.06,2214,1493,293,1
26.08,2213,1489,298,3
26.1,2210,1489,301,3
26.12,2207,1490,303,3
26.14,2204,1492,304,3
26.16,2201,1495,304,3
26.18,2198,1496,306,4
26.2,2194,1499,307,0
26.22,2194,1498,308,5
26.24,2189,1502,309,3
26.26,2186,1505,309,4
26.28,2182,1507,311,2
26.3,2180,1508,312,1
26.32,2179,1508,313,6
26.34,2173,1513,314,3
26.36,2170,1515,315,2
26.38,2168,1517,315,5
26.4,2163,1521,316,2
26.42,2161,1521,318,1
26.44,2160,1521,319,4
26.46,2156,1525,319,2
26.48,2154,1526,320,8
26.5,2146,1533,321,5
26.52,2141,1537,322,1
26.54,2140,1537,323,2
26.56,2138,1538,324,8
26.58,2130,1546,324,1
26.6,2129,1546,325,2
26.62,2127,1547,326,4
26.64,2123,1549,328,4
26.66,2119,1551,330,4
26.68,2115,1552,333,4
26.7,2111,1555,334,8
26.72,2103,1562,335,6
26.74,2097,1566,337,4
26.76,2093,1570,337,3
26.78,2090,1573,337,2
26.8,2088,1574,338,2
26.82,2086,1574,340,2
26.84,2084,1576,340,1
26.86,2083,1575,342,4
26.88,2079,1578,343,3
26.9,2076,1581,343,2
26.92,2074,1581,345,4
26.94,2070,1585,345,6
26.96,2064,1591,345,2
26.98,2062,1593,345,1
27,2061,1592,347,5
27.02,2056,1596,348,2
27.04,2054,1596,350,4
27.06,2050,1596,354,3
27.08,2047,1598,355,5
27.1,2042,1600,358,3
27.12,2039,1603,358,2
27.14,2037,1603,360,3
27.16,2034,1604,362,7
27.18,2027,1610,363,4
27.2,2023,1614,363,6
27.22,2017,1620,363,6
27.24,2011,1626,363,3
27.26,2008,1628,364,3
27.28,2005,1630,365,6
27.3,1999,1634,367,3
27.32,1996,1636,368,1
27.34,1995,1637,368,5
27.36,1990,1641,369,6
27.38,1984,1645,371,6
27.4,1978,1647,375,2
27.42,1976,1648,376,4
27.44,1972,1649,379,2
27.46,1970,1649,381,5
27.48,1965,1653,382,6
27.5,1959,1658,383,3
27.52,1956,1656,388,6
27.54,1950,1661,389,3
27.56,1947,1661,392,6
27.58,1941,1667,392,3
27.6,1938,1669,393,2
27.62,1936,1668,396,4
27.64,1932,1669,399,4
27.66,1928,1671,401,2
27.68,1926,1673,401,1
27.7,1925,1674,401,4
27.72,1921,1675,404,1
27.74,1920,1675,405,2
27.76,1918,1676,406,3
27.78,1915,1675,410,1
27.8,1914,1672,414,3
27.82,1911,1673,416,2
27.84,1909,1674,417,3
27.86,1906,1674,420,4
27.88,1902,1675,423,2
27.9,1900,1673,427,2
27.92,1898,1675,427,2
27.94,1896,1675,429,5
27.96,1891,1676,433,6
27.98,1885,1682,433,8
28,1877,1689,434,3
28.02,1874,1690,436,5
28.04,1869,1693,438,2
28.06,1867,1695,438,5
28.08,1862,1699,439,3
28.1,1859,1699,442,3
28.12,1856,1699,445,1
28.14,1855,1698,447,2
28.16,1853,1696,451,3
28.18,1850,1696,454,2
28.2,1848,1694,458,3
28.22,1845,1694,461,4
28.24,1841,1696,463,3
28.26,1838,1695,467,1
28.28,1837,1695,468,0
28.3,1837,1694,469,5
28.32,1832,1697,471,4
28.34,1828,1700,472,2
28.36,1826,1699,475,4
28.38,1822,1703,475,2
28.4,1820,1704,476,4
28.42,1816,1705,479,6
28.44,1810,1710,480,3
28.46,1807,1709,484,6
28.48,1801,1712,487,5
28.5,1796,1714,490,3
28.52,1793,1715,492,3
28.54,1790,1716,494,5
28.56,1785,1720,495,2
28.58,1783,1721,496,5
28.6,1778,1724,498,5
28.62,1773,1727,500,3
28.64,1770,1728,502,3
28.66,1767,1727,506,3
28.68,1764,1728,508,2
28.7,1762,1727,511,3
28.72,1759,1729,512,3
28.74,1756,1727,517,4
28.76,1752,1726,522,3
28.78,1749,1728,523,1
28.8,1748,1726,526,3
28.82,1745,1725,530,3
28.84,1742,1728,530,5
28.86,1737,1730,533,4
28.88,1733,1732,535,3
28.9,1730,1734,536,6
28.92,1724,1740,536,3
28.94,1721,1743,536,1
28.96,1720,1742,538,4
28.98,1716,1744,540,2
29,1714,1743,543,4
29.02,1710,1743,547,1
29.04,1709,1740,551,3
29.06,1706,1742,552,5
29.08,1701,1744,555,3
29.1,1698,1741,561,2
29.12,1696,1740,564,2
29.14,1694,1739,567,3
29.16,1691,1738,571,8
29.18,1683,1744,573,2
29.2,1681,1745,574,3
29.22,1678,1746,576,2
29.24,1676,1747,577,2
29.26,1674,1742,584,4
29.28,1670,1743,587,3
29.3,1667,1744,589,5
29.32,1662,1748,590,1
29.34,1661,1746,593,0
29.36,1661,1744,595,4
29.38,1657,1746,597,1
29.4,1656,1747,597,4
29.42,1652,1748,600,3
29.44,1649,1750,601,4
29.46,1645,1749,606,2
29.48,1643,1746,611,3
29.5,1640,1744,616,1
29.52,1639,1741,620,3
29.54,1636,1743,621,1
29.56,1635,1741,624,1
29.58,1634,1738,628,1
29.6,1633,1736,631,3
29.62,1630,1738,632,0
29.64,1630,1735,635,3
29.66,1627,1734,639,3
29.68,1624,1734,642,1
29.7,1623,1734,643,3
29.72,1620,1733,647,1
29.74,1619,1730,651,2
29.76,1617,1728,655,2
29.78,1615,1729,656,3
29.8,1612,1730,658,4
29.82,1608,1734,658,1
29.84,1607,1732,661,1
29.86,1606,1729,665,1
29.88,1605,1726,669,0
29.9,1605,1723,672,2
29.92,1603,1722,675,2
29.94,1601,1723,676,3
29.96,1598,1723,679,3
29.98,1595,1720,685,4
30,1591,1718,691,1
30.02,1590,1712,698,1
30.04,1589,1710,701,5
30.06,1584,1710,706,3
30.08,1581,1711,708,4
30.1,1577,1714,709,0
30.12,1577,1711,712,2
30.14,1575,1713,712,5
30.16,1570,1715,715,1
30.18,1569,1712,719,1
30.2,1568,1709,723,2
30.22,1566,1709,725,1
30.24,1565,1709,726,0
30.26,1565,1706,729,2
30.28,1563,1707,730,3
30.3,1560,1708,732,4
30.32,1556,1709,735,1
30.34,1555,1706,739,4
30.36,1551,1708,741,2
30.38,1549,1707,744,1
30.4,1548,1705,747,3
30.42,1545,1706,749,2
30.44,1543,1705,752,3
30.46,1540,1707,753,4
30.48,1536,1707,757,1
30.5,1535,1705,760,3
30.52,1532,1706,762,4
30.54,1528,1706,766,3
30.56,1525,1707,768,4
30.58,1521,1705,774,3
30.6,1518,1705,777,1
30.62,1517,1705,778,3
30.64,1514,1708,778,3
30.66,1511,1708,781,1
30.68,1510,1706,784,4
30.7,1506,1704,790,2
30.72,1504,1704,792,3
30.74,1501,1706,793,1
30.76,1500,1705,795,1
30.78,1499,1703,798,4
30.8,1495,1699,806,2
30.82,1493,1700,807,3
30.84,1490,1698,812,1
30.86,1489,1694,817,2
30.88,1487,1694,819,2
30.9,1485,1692,823,3
30.92,1482,1694,824,0
30.94,1482,1691,827,3
30.96,1479,1692,829,4
30.98,1475,1693,832,3
31,1472,1692,836,0
31.02,1472,1690,838,3
31.04,1469,1690,841,3
31.06,1466,1690,844,3
31.08,1463,1691,846,3
31.1,1460,1689,851,2
31.12,1458,1689,853,1
31.14,1457,1687,856,1
31.16,1456,1686,858,5
31.18,1451,1689,860,3
31.2,1448,1683,869,1
31.22,1447,1679,874,3
31.24,1444,1678,878,5
31.26,1439,1677,884,2
31.28,1437,1674,889,2
31.3,1435,1676,889,0
31.32,1435,1674,891,1
31.34,1434,1672,894,4
31.36,1430,1670,900,2
31.38,1428,1668,904,5
31.4,1423,1670,907,2
31.42,1421,1670,909,2
31.44,1419,1672,909,1
31.46,1418,1669,913,0
31.48,1418,1667,915,3
31.5,1415,1664,921,3
31.52,1412,1661,927,1
31.54,1411,1659,930,2
31.56,1409,1653,938,6
31.58,1403,1656,941,2
31.6,1401,1655,944,3
31.62,1398,1655,947,2
31.64,1396,1653,951,6
31.66,1390,1655,955,1
31.68,1389,1651,960,1
31.7,1388,1649,963,6
31.72,1382,1651,967,2
31.74,1380,1652,968,2
31.76,1378,1653,969,2
31.78,1376,1650,974,0
31.8,1376,1648,976,4
31.82,1372,1645,983,1
31.84,1371,1641,988,2
31.86,1369,1638,993,4
31.88,1365,1642,993,3
31.9,1362,1644,994,2
31.92,1360,1640,1000,1
31.94,1359,1634,1007,0
31.96,1359,1634,1007,3
31.98,1356,1634,1010,3
32,1353,1633,1014,3
32.02,1350,1632,1018,1
32.04,1349,1629,1022,4
32.06,1345,1626,1029,0
32.08,1345,1623,1032,0
32.1,1345,1619,1036,2
32.12,1343,1615,1042,4
32.14,1339,1618,1043,1
32.16,1338,1616,1046,0
32.18,1338,1611,1051,2
32.2,1336,1611,1053,1
32.22,1335,1608,1057,1
32.24,1334,1605,1061,5
32.26,1329,1606,1065,0
32.28,1329,1601,1070,2
32.3,1327,1599,1074,6
32.32,1321,1603,1076,4
32.34,1317,1605,1078,2
32.36,1315,1603,1082,1
32.38,1314,1602,1084,3
32.4,1311,1601,1088,1
32.42,1310,1597,1093,2
32.44,1308,1595,1097,0
32.46,1308,1590,1102,5
32.48,1303,1591,1106,3
32.5,1300,1588,1112,1
32.52,1299,1585,1116,4
32.54,1295,1582,1123,2
32.56,1293,1582,1125,2
32.58,1291,1581,1128,2
32.6,1289,1580,1131,2
32.62,1287,1577,1136,1
32.64,1286,1574,1140,4
32.66,1282,1577,1141,0
32.68,1282,1573,1145,3
32.7,1279,1571,1150,0
32.72,1279,1567,1154,1
32.74,1278,1566,1156,1
32.76,1277,1564,1159,2
32.78,1275,1563,1162,1
32.8,1274,1560,1166,0
32.82,1274,1555,1171,2
32.84,1272,1553,1175,2
32.86,1270,1553,1177,2
32.88,1268,1550,1182,1
32.9,1267,1546,1187,1
32.92,1266,1541,1193,3
32.94,1263,1542,1195,3
32.96,1260,1542,1198,0
32.98,1260,1537,1203,3
33,1257,1538,1205,3
33.02,1254,1538,1208,0
33.04,1254,1535,1211,2
33.06,1252,1535,1213,4
33.08,1248,1535,1217,1
33.1,1247,1533,1220,2
33.12,1245,1530,1225,0
33.14,1245,1525,1230,0
33.16,1245,1519,1236,1
33.18,1244,1516,1240,1
33.2,1243,1514,1243,1
33.22,1242,1508,1250,2
33.24,1240,1506,1254,2
33.26,1238,1505,1257,0
33.28,1238,1500,1262,0
33.3,1238,1496,1266,2
33.32,1236,1494,1270,2
33.34,1234,1493,1273,0
33.36,1234,1488,1278,1
33.38,1233,1485,1282,4
33.4,1229,1488,1283,3
33.42,1226,1489,1285,0
33.44,1226,1488,1286,1
33.46,1225,1485,1290,3
33.48,1222,1483,1295,3
33.5,1219,1483,1298,1
33.52,1218,1480,1302,2
33.54,1216,1480,1304,1
33.56,1215,1476,1309,3
33.58,1212,1473,1315,0
33.6,1212,1471,1317,3
33.62,1209,1466,1325,1
33.64,1208,1462,1330,0
33.66,1208,1460,1332,3
33.68,1205,1459,1336,0
33.7,1205,1456,1339,4
33.72,1201,1457,1342,1
33.74,1200,1454,1346,1
33.76,1199,1454,1347,2
33.78,1197,1452,1351,2
33.8,1195,1449,1356,1
33.82,1194,1450,1356,1
33.84,1193,1451,1356,0
33.86,1193,1449,1358,2
33.88,1191,1447,1362,2
33.9,1189,1445,1366,2
33.92,1187,1443,1370,2
33.94,1185,1443,1372,2
33.96,1183,1442,1375,0
33.98,1183,1442,1375,0
34,1183,1440,1377,2
34.02,1181,1439,1380,0
34.04,1181,1436,1383,2
34.06,1179,1435,1386,4
34.08,1175,1433,1392,2
34.1,1173,1430,1397,1
34.12,1172,1427,1401,2
34.14,1170,1426,1404,1
34.16,1169,1421,1410,4
34.18,1165,1420,1415,2
34.2,1163,1415,1422,0
34.22,1163,1409,1428,4
34.24,1159,1408,1433,2
34.26,1157,1405,1438,1
34.28,1156,1403,1441,2
34.3,1154,1403,1443,2
34.32,1152,1402,1446,4
34.34,1148,1402,1450,2
34.36,1146,1402,1452,1
34.38,1145,1402,1453,0
34.4,1145,1396,1459,2
34.42,1143,1395,1462,2
34.44,1141,1394,1465,3
34.46,1138,1392,1470,1
34.48,1137,1390,1473,0
34.5,1137,1383,1480,2
34.52,1135,1382,1483,0
34.54,1135,1381,1484,2
34.56,1133,1375,1492,1
34.58,1132,1369,1499,1
34.6,1131,1365,1504,0
34.62,1131,1356,1513,1
34.64,1130,1351,1519,2
34.66,1128,1351,1521,2
34.68,1126,1348,1526,1
34.7,1125,1344,1531,1
34.72,1124,1343,1533,1
34.74,1123,1340,1537,3
34.76,1120,1340,1540,1
34.78,1119,1339,1542,1
34.8,1118,1337,1545,4
34.82,1114,1339,1547,0
34.84,1114,1338,1548,1
34.86,1113,1334,1553,0
34.88,1113,1325,1562,2
34.9,1111,1326,1563,2
34.92,1109,1323,1568,0
34.94,1109,1317,1574,0
34.96,1109,1313,1578,0
34.98,1109,1306,1585,1
35,1108,1303,1589,0
35.02,1108,1301,1591,1
35.04,1107,1294,1599,1
35.06,1106,1294,1600,1
35.08,1105,1292,1603,4
35.1,1101,1291,1608,2
35.12,1099,1291,1610,4
35.14,1095,1288,1617,1
35.16,1094,1285,1621,0
35.18,1094,1282,1624,1
35.2,1093,1277,1630,0
35.22,1093,1273,1634,1
35.24,1092,1270,1638,0
35.26,1092,1265,1643,1
35.28,1091,1263,1646,0
35.3,1091,1262,1647,0
35.32,1091,1261,1648,1
35.34,1090,1261,1649,1
35.36,1089,1259,1652,2
35.38,1087,1258,1655,0
35.4,1087,1254,1659,2
35.42,1085,1254,1661,1
35.44,1084,1250,1666,0
35.46,1084,1243,1673,1
35.48,1083,1240,1677,1
35.5,1082,1239,1679,1
35.52,1081,1234,1685,0
35.54,1081,1231,1688,0
35.56,1081,1227,1692,0
35.58,1081,1222,1697,1
35.6,1080,1221,1699,1
35.62,1079,1216,1705,1
35.64,1078,1214,1708,1
35.66,1077,1210,1713,0
35.68,1077,1205,1718,1
35.7,1076,1203,1721,1
35.72,1075,1202,1723,0
35.74,1075,1198,1727,2
35.76,1073,1197,1730,2
35.78,1071,1196,1733,2
35.8,1069,1194,1737,3
35.82,1066,1193,1741,3
35.84,1063,1192,1745,1
35.86,1062,1188,1750,0
35.88,1062,1184,1754,1
35.9,1061,1182,1757,0
35.92,1061,1180,1759,0
35.94,1061,1178,1761,1
35.96,1060,1174,1766,1
35.98,1059,1168,1773,0
36,1059,1165,1776,1
36.02,1058,1163,1779,1
36.04,1057,1160,1783,2
36.06,1055,1159,1786,0
36.08,1055,1158,1787,2
36.1,1053,1157,1790,0
36.12,1053,1154,1793,0
36.14,1053,1151,1796,1
36.16,1052,1149,1799,0
36.18,1052,1146,1802,1
36.2,1051,1143,1806,0
36.22,1051,1143,1806,2
36.24,1049,1140,1811,1
36.26,1048,1138,1814,1
36.28,1047,1135,1818,1
36.3,1046,1134,1820,0
36.32,1046,1133,1821,0
36.34,1046,1127,1827,1
36.36,1045,1125,1830,1
36.38,1044,1124,1832,0
36.4,1044,1119,1837,2
36.42,1042,1119,1839,0
36.44,1042,1118,1840,1
36.46,1041,1115,1844,1
36.48,1040,1114,1846,0
36.5,1040,1106,1854,1
36.52,1039,1102,1859,1
36.54,1038,1102,1860,1
36.56,1037,1101,1862,1
36.58,1036,1094,1870,0
36.6,1036,1093,1871,0
36.62,1036,1091,1873,0
36.64,1036,1087,1877,3
36.66,1033,1086,1881,0
36.68,1033,1082,1885,1
36.7,1032,1079,1889,0
36.72,1032,1071,1897,1
36.74,1031,1066,1903,1
36.76,1030,1063,1907,1
36.78,1029,1061,1910,1
36.8,1028,1060,1912,1
36.82,1027,1059,1914,0
36.84,1027,1057,1916,1
36.86,1026,1057,1917,1
36.88,1025,1054,1921,0
36.9,1025,1051,1924,0
36.92,1025,1049,1926,0
36.94,1025,1045,1930,2
36.96,1023,1041,1936,1
36.98,1022,1040,1938,1
37,1021,1040,1939,3
37.02,1018,1038,1944,0
37.04,1018,1036,1946,0
37.06,1018,1032,1950,2
37.08,1016,1031,1953,0
37.1,1016,1026,1958,0
37.12,1016,1023,1961,0
37.14,1016,1021,1963,0
37.16,1016,1018,1966,3
37.18,1013,1014,1973,0
37.2,1013,1010,1977,1
37.22,1012,1005,1983,1
37.24,1011,1000,1989,1
37.26,1010,998,1992,0
37.28,1010,995,1995,2
37.3,1008,991,2001,0
37.32,1008,988,2004,0
37.34,1008,987,2005,0
37.36,1008,982,2010,0
37.38,1008,976,2016,1
37.4,1007,971,2022,0
37.42,1007,969,2024,2
37.44,1005,967,2028,0
37.46,1005,965,2030,0
37.48,1005,960,2035,1
37.5,1004,955,2041,0
37.52,1004,952,2044,1
37.54,1003,947,2050,1
37.56,1002,945,2053,0
37.58,1002,939,2059,1
37.6,1001,937,2062,2
37.62,999,937,2064,1
37.64,998,934,2068,1
37.66,997,931,2072,1
37.68,996,930,2074,0
37.7,996,929,2075,2
37.72,994,927,2079,1
37.74,993,927,2080,2
37.76,991,927,2082,1
37.78,990,925,2085,0
37.8,990,924,2086,0
37.82,990,921,2089,2
37.84,988,921,2091,1
37.86,987,919,2094,0
37.88,987,915,2098,1
37.9,986,914,2100,4
37.92,982,916,2102,2
37.94,980,916,2104,0
37.96,980,911,2109,1
37.98,979,906,2115,0
38,979,898,2123,0
38.02,979,895,2126,0
38.04,979,890,2131,0
38.06,979,888,2133,1
38.08,978,884,2138,2
38.1,976,883,2141,0
38.12,976,880,2144,1
38.14,975,880,2145,1
38.16,974,879,2147,2
38.18,972,878,2150,0
38.2,972,876,2152,1
38.22,971,874,2155,0
38.24,971,870,2159,1
38.26,970,868,2162,0
38.28,970,867,2163,1
38.3,969,868,2163,0
38.32,969,863,2168,0
38.34,969,859,2172,0
38.36,969,857,2174,0
38.38,969,853,2178,1
38.4,968,852,2180,1
38.42,967,849,2184,1
38.44,966,844,2190,4
38.46,962,845,2193,0
38.48,962,839,2199,2
38.5,960,836,2204,1
38.52,959,834,2207,0
38.54,959,831,2210,2
38.56,957,828,2215,0
38.58,957,826,2217,1
38.6,956,822,2222,0
38.62,956,817,2227,0
38.64,956,814,2230,0
38.66,956,811,2233,0
38.68,956,808,2236,0
38.7,956,806,2238,2
38.72,954,805,2241,1
38.74,953,803,2244,0
38.76,953,799,2248,0
38.78,953,796,2251,0
38.8,953,795,2252,0
38.82,953,792,2255,0
38.84,953,789,2258,1
38.86,952,785,2263,1
38.88,951,782,2267,0
38.9,951,779,2270,0
38.92,951,773,2276,0
38.94,951,770,2279,1
38.96,950,770,2280,0
38.98,950,766,2284,0
39,950,764,2286,0
39.02,950,760,2290,1
39.04,949,760,2291,1
39.06,948,758,2294,0
39.08,948,753,2299,1
39.1,947,751,2302,0
39.12,947,749,2304,0
39.14,947,747,2306,0
39.16,947,744,2309,1
39.18,946,737,2317,0
39.2,946,735,2319,1
39.22,945,733,2322,0
39.24,945,731,2324,0
39.26,945,729,2326,0
39.28,945,725,2330,0
39.3,945,722,2333,0
39.32,945,717,2338,0
39.34,945,716,2339,0
39.36,945,716,2339,0
39.38,945,712,2343,0
39.4,945,711,2344,0
39.42,945,707,2348,0
39.44,945,704,2351,0
39.46,945,700,2355,0
39.48,945,698,2357,0
39.5,945,695,2360,0
39.52,945,694,2361,0
39.54,945,691,2364,4
39.56,942,693,2365,2
39.58,940,694,2366,0
39.6,940,693,2367,0
39.62,940,690,2370,0
39.64,940,690,2370,0
39.66,940,687,2373,1
39.68,939,685,2376,0
39.7,939,684,2377,0
39.72,939,681,2380,0
39.74,939,680,2381,1
39.76,938,679,2383,1
39.78,937,678,2385,0
39.8,937,675,2388,1
39.82,936,672,2392,0
39.84,936,671,2393,0
39.86,936,670,2394,1
39.88,935,670,2395,1
39.9,934,671,2395,0
39.92,934,669,2397,0
39.94,934,667,2399,0
39.96,934,664,2402,0
39.98,934,661,2405,0
40,934,657,2409,1
40.02,933,657,2410,0
40.04,933,656,2411,1
40.06,932,652,2416,1
40.08,931,650,2419,0
40.1,931,646,2423,0
40.12,931,646,2423,0
40.14,931,644,2425,0
40.16,931,639,2430,0
40.18,931,638,2431,0
40.2,931,637,2432,1
40.22,930,636,2434,0
40.24,930,635,2435,2
40.26,928,637,2435,1
40.28,927,636,2437,0
40.3,927,633,2440,0
40.32,927,629,2444,0
40.34,927,628,2445,1
40.36,926,625,2449,0
40.38,926,623,2451,0
40.4,926,622,2452,1
40.42,925,620,2455,1
40.44,924,619,2457,0
40.46,924,616,2460,0
40.48,924,612,2464,0
40.5,924,611,2465,0
40.52,924,608,2468,0
40.54,924,604,2472,0
40.56,924,601,2475,0
40.58,924,597,2479,1
40.6,923,595,2482,0
40.62,923,594,2483,0
40.64,923,591,2486,1
40.66,922,589,2489,0
40.68,922,588,2490,0
40.7,922,584,2494,1
40.72,921,583,2496,0
40.74,921,580,2499,0
40.76,921,579,2500,1
40.78,920,579,2501,0
40.8,920,575,2505,0
40.82,920,573,2507,0
40.84,920,570,2510,0
40.86,920,569,2511,1
40.88,919,568,2513,0
40.9,919,566,2515,1
40.92,918,564,2518,0
40.94,918,564,2518,0
40.96,918,561,2521,0
40.98,918,557,2525,0
41,918,554,2528,1
41.02,917,555,2528,1
41.04,916,553,2531,1
41.06,915,551,2534,0
41.08,915,548,2537,1
41.1,914,546,2540,0
41.12,914,544,2542,0
41.14,914,543,2543,0
41.16,914,542,2544,1
41.18,913,538,2549,0
41.2,913,535,2552,0
41.22,913,534,2553,0
41.24,913,531,2556,0
41.26,913,526,2561,0
41.28,913,524,2563,0
41.3,913,522,2565,0
41.32,913,522,2565,0
41.34,913,521,2566,0
41.36,913,517,2570,0
41.38,913,515,2572,0
41.4,913,510,2577,0
41.42,913,508,2579,0
41.44,913,506,2581,0
41.46,913,505,2582,1
41.48,912,506,2582,0
41.5,912,503,2585,0
41.52,912,500,2588,1
41.54,911,500,2589,0
41.56,911,498,2591,2
41.58,909,494,2597,0
41.6,909,492,2599,0
41.62,909,489,2602,0
41.64,909,487,2604,0
41.66,909,481,2610,0
41.68,909,480,2611,0
41.7,909,479,2612,0
41.72,909,473,2618,0
41.74,909,471,2620,0
41.76,909,469,2622,1
41.78,908,468,2624,0
41.8,908,468,2624,0
41.82,908,464,2628,0
41.84,908,463,2629,0
41.86,908,461,2631,0
41.88,908,457,2635,0
41.9,908,454,2638,0
41.92,908,452,2640,0
41.94,908,451,2641,1
41.96,907,452,2641,1
41.98,906,450,2644,2
42,904,449,2647,0
42.02,904,446,2650,2
42.04,902,447,2651,0
42.06,902,443,2655,1
42.08,901,444,2655,0
42.1,901,444,2655,0
42.12,901,442,2657,0
42.14,901,438,2661,1
42.16,900,438,2662,0
42.18,900,438,2662,0
42.2,900,436,2664,0
42.22,900,435,2665,0
42.24,900,434,2666,0
42.26,900,429,2671,0
42.28,900,429,2671,2
42.3,898,429,2673,1
42.32,897,424,2679,1
42.34,896,421,2683,0
42.36,896,419,2685,0
42.38,896,418,2686,1
42.4,895,416,2689,3
42.42,892,418,2690,0
42.44,892,416,2692,0
42.46,892,416,2692,0
42.48,892,411,2697,1
42.5,891,409,2700,0
42.52,891,408,2701,1
42.54,890,405,2705,0
42.56,890,403,2707,0
42.58,890,401,2709,0
42.6,890,399,2711,0
42.62,890,397,2713,0
42.64,890,396,2714,0
42.66,890,392,2718,1
42.68,889,393,2718,1
42.7,888,391,2721,0
42.72,888,391,2721,2
42.74,886,392,2722,0
42.76,886,391,2723,0
42.78,886,389,2725,0
42.8,886,388,2726,0
42.82,886,388,2726,0
42.84,886,386,2728,0
42.86,886,384,2730,0
42.88,886,382,2732,0
42.9,886,381,2733,0
42.92,886,380,2734,0
42.94,886,377,2737,2
42.96,884,376,2740,0
42.98,884,376,2740,0
43,884,373,2743,0
43.02,884,370,2746,1
43.04,883,371,2746,0
43.06,883,369,2748,1
43.08,882,366,2752,0
43.1,882,365,2753,0
43.12,882,363,2755,0
43.14,882,363,2755,0
43.16,882,363,2755,1
43.18,881,363,2756,0
43.2,881,362,2757,0
43.22,881,361,2758,0
43.24,881,359,2760,0
43.26,881,357,2762,0
43.28,881,357,2762,0
43.3,881,357,2762,1
43.32,880,356,2764,0
43.34,880,354,2766,0
43.36,880,354,2766,1
43.38,879,354,2767,1
43.4,878,351,2771,0
43.42,878,348,2774,0
43.44,878,348,2774,0
43.46,878,347,2775,1
43.48,877,345,2778,0
43.5,877,342,2781,0
43.52,877,341,2782,0
43.54,877,339,2784,0
43.56,877,338,2785,1
43.58,876,336,2788,0
43.6,876,336,2788,0
43.62,876,333,2791,0
43.64,876,332,2792,0
43.66,876,332,2792,0
43.68,876,329,2795,0
43.7,876,329,2795,0
43.72,876,325,2799,0
43.74,876,324,2800,0
43.76,876,323,2801,0
43.78,876,321,2803,0
43.8,876,319,2805,0
43.82,876,318,2806,0
43.84,876,317,2807,0
43.86,876,317,2807,0
43.88,876,315,2809,0
43.9,876,313,2811,0
43.92,876,311,2813,0
43.94,876,309,2815,0
43.96,876,307,2817,0
43.98,876,307,2817,0
44,876,307,2817,0
44.02,876,305,2819,1
44.04,875,306,2819,0
44.06,875,304,2821,1
44.08,874,301,2825,0
44.1,874,299,2827,0
44.12,874,298,2828,1
44.14,873,297,2830,1
44.16,872,297,2831,0
44.18,872,293,2835,0
44.2,872,291,2837,0
44.22,872,291,2837,1
44.24,871,288,2841,0
44.26,871,286,2843,0
44.28,871,285,2844,0
44.3,871,283,2846,0
44.32,871,281,2848,0
44.34,871,277,2852,0
44.36,871,275,2854,0
44.38,871,274,2855,0
44.4,871,274,2855,0
44.42,871,272,2857,0
44.44,871,270,2859,0
44.46,871,267,2862,0
44.48,871,266,2863,0
44.5,871,266,2863,0
44.52,871,264,2865,0
44.54,871,264,2865,0
44.56,871,262,2867,1
44.58,870,262,2868,0
44.6,870,261,2869,0
44.62,870,261,2869,0
44.64,870,260,2870,0
44.66,870,258,2872,0
44.68,870,256,2874,0
44.7,870,255,2875,1
44.72,869,255,2876,0
44.74,869,254,2877,0
44.76,869,251,2880,0
44.78,869,250,2881,0
44.8,869,249,2882,0
44.82,869,245,2886,0
44.84,869,245,2886,0
44.86,869,244,2887,0
44.88,869,244,2887,0
44.9,869,242,2889,0
44.92,869,240,2891,0
44.94,869,240,2891,0
44.96,869,240,2891,0
44.98,869,240,2891,0
45,869,239,2892,0
45.02,869,239,2892,0
45.04,869,238,2893,0
45.06,869,237,2894,0
45.08,869,236,2895,1
45.1,868,233,2899,0
45.12,868,231,2901,0
45.14,868,227,2905,0
45.16,868,226,2906,0
45.18,868,226,2906,0
45.2,868,225,2907,0
45.22,868,225,2907,0
45.24,868,224,2908,0
45.26,868,224,2908,0
45.28,868,223,2909,0
45.3,868,223,2909,0
45.32,868,223,2909,1
45.34,867,223,2910,0
45.36,867,222,2911,0
45.38,867,220,2913,0
45.4,867,220,2913,0
45.42,867,218,2915,0
45.44,867,217,2916,0
45.46,867,217,2916,0
45.48,867,216,2917,0
45.5,867,215,2918,0
45.52,867,214,2919,0
45.54,867,214,2919,0
45.56,867,214,2919,0
45.58,867,214,2919,0
45.6,867,213,2920,0
45.62,867,212,2921,1
45.64,866,212,2922,0
45.66,866,211,2923,0
45.68,866,211,2923,0
45.7,866,210,2924,0
45.72,866,209,2925,0
45.74,866,209,2925,0
45.76,866,207,2927,0
45.78,866,205,2929,0
45.8,866,203,2931,0
45.82,866,200,2934,0
45.84,866,197,2937,0
45.86,866,196,2938,0
45.88,866,196,2938,0
45.9,866,195,2939,1
45.92,865,196,2939,1
45.94,864,197,2939,0
45.96,864,196,2940,0
45.98,864,195,2941,0
46,864,195,2941,0
46.02,864,194,2942,0
46.04,864,193,2943,0
46.06,864,191,2945,1
46.08,863,192,2945,0
46.1,863,190,2947,0
46.12,863,190,2947,0
46.14,863,190,2947,0
46.16,863,189,2948,0
46.18,863,189,2948,0
46.2,863,188,2949,0
46.22,863,188,2949,0
46.24,863,186,2951,0
46.26,863,185,2952,0
46.28,863,184,2953,0
46.3,863,183,2954,1
46.32,862,184,2954,0
46.34,862,184,2954,0
46.36,862,183,2955,0
46.38,862,182,2956,0
46.4,862,182,2956,0
46.42,862,180,2958,1
46.44,861,181,2958,0
46.46,861,180,2959,0
46.48,861,179,2960,0
46.5,861,179,2960,0
46.52,861,178,2961,0
46.54,861,177,2962,0
46.56,861,176,2963,0
46.58,861,175,2964,0
46.6,861,175,2964,0
46.62,861,175,2964,0
46.64,861,175,2964,0
46.66,861,172,2967,0
46.68,861,172,2967,1
46.7,860,172,2968,0
46.72,860,172,2968,0
46.74,860,171,2969,1
46.76,859,171,2970,0
46.78,859,170,2971,0
46.8,859,169,2972,0
46.82,859,168,2973,1
46.84,858,169,2973,0
46.86,858,168,2974,0
46.88,858,167,2975,0
46.9,858,167,2975,0
46.92,858,167,2975,0
46.94,858,167,2975,0
46.96,858,165,2977,0
46.98,858,164,2978,0
47,858,163,2979,0
47.02,858,160,2982,1
47.04,857,161,2982,0
47.06,857,161,2982,0
47.08,857,159,2984,0
47.1,857,159,2984,1
47.12,856,160,2984,0
47.14,856,160,2984,0
47.16,856,160,2984,0
47.18,856,157,2987,0
47.2,856,157,2987,0
47.22,856,156,2988,0
47.24,856,155,2989,0
47.26,856,154,2990,0
47.28,856,154,2990,0
47.3,856,152,2992,0
47.32,856,152,2992,0
47.34,856,152,2992,1
47.36,855,153,2992,0
47.38,855,153,2992,0
47.4,855,152,2993,0
47.42,855,152,2993,0
47.44,855,150,2995,0
47.46,855,150,2995,0
47.48,855,150,2995,0
47.5,855,149,2996,0
47.52,855,149,2996,0
47.54,855,148,2997,0
47.56,855,147,2998,0
47.58,855,147,2998,0
47.6,855,146,2999,0
47.62,855,144,3001,0
47.64,855,143,3002,0
47.66,855,142,3003,0
47.68,855,141,3004,0
47.7,855,141,3004,0
47.72,855,139,3006,0
47.74,855,138,3007,0
47.76,855,136,3009,0
47.78,855,135,3010,0
47.8,855,135,3010,0
47.82,855,135,3010,0
47.84,855,133,3012,0
47.86,855,132,3013,0
47.88,855,132,3013,0
47.9,855,131,3014,0
47.92,855,127,3018,0
47.94,855,125,3020,0
47.96,855,125,3020,0
47.98,855,124,3021,0
48,855,124,3021,0
48.02,855,124,3021,0
48.04,855,124,3021,0
48.06,855,124,3021,0
48.08,855,123,3022,0
48.1,855,121,3024,0
48.12,855,121,3024,0
48.14,855,120,3025,0
48.16,855,119,3026,0
48.18,855,117,3028,0
48.2,855,117,3028,0
48.22,855,116,3029,0
48.24,855,116,3029,0
48.26,855,115,3030,0
48.28,855,115,3030,0
48.3,855,114,3031,0
48.32,855,114,3031,0
48.34,855,114,3031,0
48.36,855,114,3031,0
48.38,855,114,3031,0
48.4,855,113,3032,0
48.42,855,112,3033,0
48.44,855,111,3034,1
48.46,854,108,3038,0
48.48,854,108,3038,0
48.5,854,106,3040,0
48.52,854,105,3041,0
48.54,854,105,3041,0
48.56,854,103,3043,0
48.58,854,103,3043,0
48.6,854,102,3044,0
48.62,854,102,3044,0
48.64,854,102,3044,0
48.66,854,102,3044,0
48.68,854,102,3044,0
48.7,854,102,3044,0
48.72,854,100,3046,0
48.74,854,99,3047,0
48.76,854,99,3047,0
48.78,854,99,3047,1
48.8,853,100,3047,0
48.82,853,100,3047,0
48.84,853,100,3047,0
48.86,853,99,3048,1
48.88,852,99,3049,0
48.9,852,99,3049,0
48.92,852,99,3049,0
48.94,852,99,3049,0
48.96,852,98,3050,0
48.98,852,98,3050,0
49,852,98,3050,0
49.02,852,98,3050,0
49.04,852,97,3051,0
49.06,852,96,3052,0
49.08,852,96,3052,0
49.1,852,95,3053,0
49.12,852,95,3053,0
49.14,852,95,3053,0
49.16,852,95,3053,0
49.18,852,94,3054,0
49.2,852,94,3054,0
49.22,852,93,3055,0
49.24,852,93,3055,0
49.26,852,93,3055,1
49.28,851,94,3055,0
49.3,851,94,3055,0
49.32,851,94,3055,0
49.34,851,94,3055,0
49.36,851,94,3055,0
49.38,851,94,3055,0
49.4,851,94,3055,0
49.42,851,94,3055,0
49.44,851,94,3055,0
49.46,851,94,3055,1
49.48,850,95,3055,0
49.5,850,95,3055,0
49.52,850,95,3055,0
49.54,850,95,3055,0
49.56,850,92,3058,0
49.58,850,90,3060,0
49.6,850,90,3060,0
49.62,850,90,3060,0
49.64,850,90,3060,0
49.66,850,90,3060,0
49.68,850,89,3061,0
49.7,850,89,3061,0
49.72,850,89,3061,0
49.74,850,89,3061,0
49.76,850,88,3062,1
49.78,849,88,3063,0
49.8,849,88,3063,0
49.82,849,87,3064,0
49.84,849,87,3064,0
49.86,849,87,3064,0
49.88,849,86,3065,0
49.9,849,85,3066,0
49.92,849,85,3066,0
49.94,849,85,3066,0
49.96,849,85,3066,0
49.98,849,85,3066,0
50,849,85,3066,0
50.02,849,84,3067,0
50.04,849,84,3067,0
50.06,849,83,3068,0
50.08,849,82,3069,0
50.1,849,82,3069,0
50.12,849,82,3069,1
50.14,848,83,3069,0
50.16,848,83,3069,0
50.18,848,83,3069,0
50.2,848,83,3069,0
50.22,848,82,3070,0
50.24,848,82,3070,0
50.26,848,80,3072,0
50.28,848,79,3073,0
50.3,848,79,3073,0
50.32,848,79,3073,1
50.34,847,80,3073,0
50.36,847,79,3074,0
50.38,847,79,3074,0
50.4,847,79,3074,0
50.42,847,78,3075,0
50.44,847,77,3076,0
50.46,847,77,3076,0
50.48,847,77,3076,0
50.5,847,77,3076,0
50.52,847,77,3076,0
50.54,847,77,3076,0
50.56,847,77,3076,0
50.58,847,77,3076,0
50.6,847,76,3077,0
50.62,847,76,3077,0
50.64,847,76,3077,0
50.66,847,75,3078,0
50.68,847,75,3078,0
50.7,847,75,3078,0
50.72,847,74,3079,0
50.74,847,74,3079,0
50.76,847,74,3079,0
50.78,847,73,3080,0
50.8,847,73,3080,0
50.82,847,73,3080,1
50.84,846,74,3080,0
50.86,846,74,3080,0
50.88,846,73,3081,0
50.9,846,73,3081,0
50.92,846,72,3082,0
50.94,846,72,3082,0
50.96,846,72,3082,0
50.98,846,72,3082,0
51,846,72,3082,0
51.02,846,71,3083,0
51.04,846,70,3084,0
51.06,846,69,3085,0
51.08,846,69,3085,0
51.1,846,68,3086,0
51.12,846,68,3086,0
51.14,846,68,3086,0
51.16,846,68,3086,0
51.18,846,67,3087,0
51.2,846,67,3087,0
51.22,846,67,3087,0
51.24,846,67,3087,0
51.26,846,67,3087,0
51.28,846,67,3087,0
51.3,846,67,3087,0
51.32,846,67,3087,0
51.34,846,67,3087,0
51.36,846,67,3087,0
51.38,846,67,3087,0
51.4,846,67,3087,0
51.42,846,67,3087,0
51.44,846,67,3087,0
51.46,846,67,3087,0
51.48,846,66,3088,0
51.5,846,66,3088,0
51.52,846,66,3088,0
51.54,846,65,3089,0
51.56,846,65,3089,0
51.58,846,63,3091,0
51.6,846,63,3091,0
51.62,846,63,3091,0
51.64,846,63,3091,0
51.66,846,63,3091,0
51.68,846,63,3091,0
51.7,846,63,3091,0
51.72,846,63,3091,0
51.74,846,63,3091,0
51.76,846,63,3091,0
51.78,846,62,3092,0
51.8,846,62,3092,0
51.82,846,62,3092,0
51.84,846,62,3092,0
51.86,846,62,3092,0
51.88,846,62,3092,0
51.9,846,62,3092,0
51.92,846,62,3092,0
51.94,846,62,3092,0
51.96,846,61,3093,0
51.98,846,60,3094,0
52,846,58,3096,0
52.02,846,58,3096,0
52.04,846,56,3098,0
52.06,846,56,3098,0
52.08,846,55,3099,0
52.1,846,55,3099,0
52.12,846,55,3099,0
52.14,846,55,3099,0
52.16,846,54,3100,0
52.18,846,54,3100,0
52.2,846,54,3100,0
52.22,846,54,3100,0
52.24,846,54,3100,0
52.26,846,54,3100,0
52.28,846,54,3100,0
52.3,846,52,3102,0
52.32,846,51,3103,0
52.34,846,50,3104,0
52.36,846,50,3104,0
52.38,846,50,3104,0
52.4,846,49,3105,0
52.42,846,46,3108,0
52.44,846,46,3108,0
52.46,846,46,3108,0
52.48,846,46,3108,0
52.5,846,45,3109,0
52.52,846,45,3109,0
52.54,846,44,3110,0
52.56,846,44,3110,0
52.58,846,44,3110,0
52.6,846,44,3110,0
52.62,846,44,3110,0
52.64,846,44,3110,0
52.66,846,44,3110,0
52.68,846,43,3111,0
52.7,846,42,3112,0
52.72,846,42,3112,0
52.74,846,40,3114,0
52.76,846,40,3114,0
52.78,846,40,3114,0
52.8,846,40,3114,0
52.82,846,40,3114,0
52.84,846,40,3114,0
52.86,846,40,3114,0
52.88,846,40,3114,0
52.9,846,40,3114,0
52.92,846,40,3114,0
52.94,846,40,3114,0
52.96,846,38,3116,0
52.98,846,38,3116,0
53,846,38,3116,0
53.02,846,38,3116,0
53.04,846,37,3117,0
53.06,846,37,3117,0
53.08,846,36,3118,0
53.1,846,36,3118,0
53.12,846,36,3118,0
53.14,846,36,3118,0
53.16,846,36,3118,0
53.18,846,35,3119,0
53.2,846,35,3119,0
53.22,846,35,3119,0
53.24,846,35,3119,0
53.26,846,35,3119,0
53.28,846,35,3119,0
53.3,846,35,3119,0
53.32,846,34,3120,0
53.34,846,34,3120,0
53.36,846,34,3120,0
53.38,846,33,3121,0
53.4,846,32,3122,0
53.42,846,32,3122,0
53.44,846,32,3122,0
53.46,846,32,3122,0
53.48,846,31,3123,0
53.5,846,31,3123,0
53.52,846,31,3123,0
53.54,846,31,3123,0
53.56,846,31,3123,0
53.58,846,30,3124,0
53.6,846,30,3124,0
53.62,846,30,3124,0
53.64,846,30,3124,0
53.66,846,30,3124,0
53.68,846,30,3124,0
53.7,846,30,3124,0
53.72,846,30,3124,0
53.74,846,30,3124,0
53.76,846,30,3124,0
53.78,846,30,3124,0
53.8,846,30,3124,0
53.82,846,30,3124,0
53.84,846,30,3124,0
53.86,846,30,3124,0
53.88,846,30,3124,0
53.9,846,30,3124,0
53.92,846,30,3124,0
53.94,846,30,3124,0
53.96,846,30,3124,0
53.98,846,30,3124,0
54,846,30,3124,0
54.02,846,30,3124,0
54.04,846,29,3125,0
54.06,846,29,3125,0
54.08,846,28,3126,0
54.1,846,28,3126,0
54.12,846,28,3126,0
54.14,846,27,3127,0
54.16,846,26,3128,0
54.18,846,26,3128,0
54.2,846,26,3128,0
54.22,846,26,3128,0
54.24,846,25,3129,0
54.26,846,25,3129,0
54.28,846,25,3129,0
54.3,846,25,3129,0
54.32,846,25,3129,0
54.34,846,25,3129,0
54.36,846,25,3129,0
54.38,846,25,3129,0
54.4,846,25,3129,0
54.42,846,25,3129,0
54.44,846,25,3129,0
54.46,846,25,3129,0
54.48,846,25,3129,0
54.5,846,25,3129,0
54.52,846,25,3129,0
54.54,846,25,3129,0
54.56,846,25,3129,0
54.58,846,24,3130,0
54.6,846,24,3130,0
54.62,846,24,3130,0
54.64,846,24,3130,0
54.66,846,24,3130,0
54.68,846,24,3130,0
54.7,846,24,3130,0
54.72,846,23,3131,0
54.74,846,23,3131,0
54.76,846,23,3131,0
54.78,846,23,3131,0
54.8,846,23,3131,0
54.82,846,23,3131,0
54.84,846,23,3131,0
54.86,846,23,3131,0
54.88,846,23,3131,0
54.9,846,23,3131,0
54.92,846,23,3131,0
54.94,846,23,3131,0
54.96,846,23,3131,0
54.98,846,23,3131,0
55,846,23,3131,0
55.02,846,23,3131,0
55.04,846,23,3131,0
55.06,846,23,3131,0
55.08,846,23,3131,0
55.1,846,22,3132,0
55.12,846,22,3132,0
55.14,846,22,3132,0
55.16,846,22,3132,0
55.18,846,22,3132,0
55.2,846,22,3132,0
55.22,846,22,3132,0
55.24,846,22,3132,0
55.26,846,22,3132,0
55.28,846,22,3132,0
55.3,846,22,3132,0
55.32,846,22,3132,0
55.34,846,21,3133,0
55.36,846,21,3133,0
55.38,846,21,3133,0
55.4,846,21,3133,0
55.42,846,21,3133,0
55.44,846,21,3133,0
55.46,846,21,3133,0
55.48,846,21,3133,0
55.5,846,21,3133,0
55.52,846,21,3133,0
55.54,846,21,3133,0
55.56,846,21,3133,0
55.58,846,21,3133,0
55.6,846,21,3133,0
55.62,846,21,3133,0
55.64,846,20,3134,0
55.66,846,20,3134,0
55.68,846,20,3134,0
55.7,846,20,3134,0
55.72,846,20,3134,0
55.74,846,20,3134,0
55.76,846,20,3134,0
55.78,846,20,3134,0
55.8,846,20,3134,0
55.82,846,20,3134,0
55.84,846,20,3134,0
55.86,846,20,3134,0
55.88,846,20,3134,0
55.9,846,20,3134,0
55.92,846,19,3135,0
55.94,846,18,3136,0
55.96,846,18,3136,0
55.98,846,18,3136,0
56,846,18,3136,0
56.02,846,18,3136,0
56.04,846,18,3136,0
56.06,846,18,3136,0
56.08,846,17,3137,0
56.1,846,17,3137,0
56.12,846,17,3137,0
56.14,846,17,3137,0
56.16,846,17,3137,0
56.18,846,17,3137,0
56.2,846,17,3137,0
56.22,846,17,3137,0
56.24,846,17,3137,0
56.26,846,17,3137,0
56.28,846,17,3137,0
56.3,846,17,3137,0
56.32,846,16,3138,0
56.34,846,16,3138,0
56.36,846,16,3138,1
56.38,845,17,3138,0
56.4,845,17,3138,0
56.42,845,17,3138,0
56.44,845,16,3139,0
56.46,845,16,3139,0
56.48,845,16,3139,0
56.5,845,16,3139,0
56.52,845,16,3139,0
56.54,845,16,3139,0
56.56,845,16,3139,0
56.58,845,16,3139,0
56.6,845,16,3139,0
56.62,845,16,3139,0
56.64,845,16,3139,0
56.66,845,16,3139,0
56.68,845,16,3139,0
56.7,845,15,3140,0
56.72,845,15,3140,0
56.74,845,15,3140,0
56.76,845,14,3141,0
56.78,845,14,3141,0
56.8,845,14,3141,0
56.82,845,14,3141,0
56.84,845,13,3142,0
56.86,845,13,3142,0
56.88,845,13,3142,0
56.9,845,13,3142,0
56.92,845,13,3142,0
56.94,845,13,3142,0
56.96,845,13,3142,0
56.98,845,13,3142,0
57,845,13,3142,0
57.02,845,13,3142,0
57.04,845,12,3143,0
57.06,845,12,3143,0
57.08,845,12,3143,0
57.1,845,12,3143,0
57.12,845,11,3144,0
57.14,845,11,3144,0
57.16,845,11,3144,0
57.18,845,11,3144,0
57.2,845,11,3144,0
57.22,845,11,3144,0
57.24,845,11,3144,0
57.26,845,11,3144,0
57.28,845,11,3144,0
57.3,845,11,3144,0
57.32,845,11,3144,0
57.34,845,11,3144,0
57.36,845,10,3145,0
57.38,845,10,3145,0
57.4,845,10,3145,0
57.42,845,10,3145,0
57.44,845,10,3145,0
57.46,845,10,3145,0
57.48,845,10,3145,0
57.5,845,10,3145,0
57.52,845,10,3145,0
57.54,845,10,3145,0
57.56,845,10,3145,0
57.58,845,10,3145,0
57.6,845,10,3145,0
57.62,845,10,3145,0
57.64,845,10,3145,0
57.66,845,10,3145,0
57.68,845,10,3145,0
57.7,845,10,3145,0
57.72,845,10,3145,0
57.74,845,10,3145,0
57.76,845,10,3145,0
57.78,845,10,3145,0
57.8,845,10,3145,0
57.82,845,10,3145,0
57.84,845,10,3145,0
57.86,845,10,3145,0
57.88,845,10,3145,0
57.9,845,10,3145,0
57.92,845,10,3145,0
57.94,845,10,3145,0
57.96,845,10,3145,0
57.98,845,10,3145,0
58,845,10,3145,0
58.02,845,10,3145,0
58.04,845,10,3145,0
58.06,845,10,3145,0
58.08,845,10,3145,0
58.1,845,10,3145,0
58.12,845,10,3145,0
58.14,845,10,3145,0
58.16,845,10,3145,0
58.18,845,10,3145,0
58.2,845,10,3145,0
58.22,845,10,3145,0
58.24,845,10,3145,0
58.26,845,10,3145,0
58.28,845,10,3145,0
58.3,845,10,3145,0
58.32,845,10,3145,0
58.34,845,10,3145,0
58.36,845,10,3145,0
58.38,845,10,3145,0
58.4,845,10,3145,0
58.42,845,10,3145,0
58.44,845,10,3145,0
58.46,845,9,3146,0
58.48,845,9,3146,0
58.5,845,9,3146,0
58.52,845,9,3146,0
58.54,845,9,3146,0
58.56,845,9,3146,0
58.58,845,9,3146,0
58.6,845,9,3146,0
58.62,845,9,3146,0
58.64,845,9,3146,0
58.66,845,9,3146,0
58.68,845,9,3146,0
58.7,845,9,3146,0
58.72,845,9,3146,0
58.74,845,9,3146,0
58.76,845,9,3146,0
58.78,845,9,3146,0
58.8,845,8,3147,0
58.82,845,8,3147,0
58.84,845,8,3147,0
58.86,845,8,3147,0
58.88,845,7,3148,0
58.9,845,7,3148,0
58.92,845,7,3148,0
58.94,845,7,3148,0
58.96,845,7,3148,0
58.98,845,7,3148,0
59,845,7,3148,0
59.02,845,7,3148,0
59.04,845,7,3148,0
59.06,845,7,3148,0
59.08,845,7,3148,0
59.1,845,7,3148,0
59.12,845,7,3148,0
59.14,845,7,3148,0
59.16,845,7,3148,0
59.18,845,7,3148,0
59.2,845,7,3148,0
59.22,845,7,3148,0
59.24,845,7,3148,0
59.26,845,7,3148,0
59.28,845,6,3149,0
59.3,845,6,3149,0
59.32,845,6,3149,0
59.34,845,6,3149,0
59.36,845,6,3149,0
59.38,845,6,3149,0
59.4,845,6,3149,0
59.42,845,6,3149,0
59.44,845,6,3149,0
59.46,845,6,3149,0
59.48,845,5,3150,0
59.5,845,5,3150,0
59.52,845,5,3150,0
59.54,845,5,3150,0
59.56,845,5,3150,0
59.58,845,5,3150,0
59.6,845,5,3150,0
59.62,845,5,3150,0
59.64,845,5,3150,0
59.66,845,5,3150,0
59.68,845,5,3150,0
59.7,845,5,3150,0
59.72,845,5,3150,0
59.74,845,5,3150,0
59.76,845,5,3150,0
59.78,845,4,3151,0
59.8,845,4,3151,0
59.82,845,4,3151,0
59.84,845,4,3151,0
59.86,845,4,3151,0
59.88,845,4,3151,0
59.9,845,4,3151,0
59.92,845,4,3151,0
59.94,845,4,3151,0
59.96,845,4,3151,0
59.98,845,4,3151,0
60,845,4,3151,0
60.02,845,4,3151,0
60.04,845,4,3151,0
60.06,845,4,3151,0
60.08,845,4,3151,0
60.1,845,4,3151,0
60.12,845,4,3151,0
60.14,845,3,3152,0
60.16,845,3,3152,0
60.18,845,3,3152,0
60.2,845,3,3152,0
60.22,845,3,3152,0
60.24,845,3,3152,0
60.26,845,3,3152,0
60.28,845,3,3152,0
60.3,845,3,3152,0
60.32,845,3,3152,0
60.34,845,2,3153,0
60.36,845,2,3153,0
60.38,845,2,3153,0
60.4,845,2,3153,0
60.42,845,2,3153,0
60.44,845,2,3153,0
60.46,845,2,3153,0
60.48,845,2,3153,0
60.5,845,2,3153,0
60.52,845,2,3153,0
60.54,845,2,3153,0
60.56,845,2,3153,0
60.58,845,2,3153,0
60.6,845,2,3153,0
60.62,845,2,3153,0
60.64,845,2,3153,0
60.66,845,2,3153,0
60.68,845,2,3153,0
60.7,845,2,3153,0
60.72,845,2,3153,0
60.74,845,2,3153,0
60.76,845,2,3153,0
60.78,845,2,3153,0
60.8,845,2,3153,0
60.82,845,2,3153,0
60.84,845,1,3154,0
60.86,845,1,3154,0
60.88,845,1,3154,0
60.9,845,1,3154,0
60.92,845,1,3154,0
60.94,845,1,3154,0
60.96,845,1,3154,0
60.98,845,1,3154,0
61,845,1,3154,0
61.02,845,1,3154,0
61.04,845,1,3154,0
61.06,845,1,3154,0
61.08,845,1,3154,0
61.1,845,1,3154,0
61.12,845,1,3154,0
61.14,845,1,3154,0
61.16,845,1,3154,0
61.18,845,1,3154,0
61.2,845,1,3154,0
61.22,845,1,3154,0
61.24,845,1,3154,0
61.26,845,1,3154,0
61.28,845,1,3154,0
61.3,845,1,3154,0
61.32,845,1,3154,0
61.34,845,1,3154,0
61.36,845,1,3154,0
61.38,845,1,3154,0
61.4,845,1,3154,0
61.42,845,1,3154,0
61.44,845,1,3154,0
61.46,845,1,3154,0
61.48,845,1,3154,0
61.5,845,1,3154,0
61.52,845,1,3154,0
61.54,845,1,3154,0
61.56,845,1,3154,0
61.58,845,1,3154,0
61.6,845,1,3154,0
61.62,845,1,3154,0
61.64,845,1,3154,0
61.66,845,1,3154,0
61.68,845,1,3154,0
61.7,845,1,3154,0
61.72,845,1,3154,0
61.74,845,1,3154,0
61.76,845,1,3154,0
61.78,845,1,3154,0
61.8,845,1,3154,0
61.82,845,1,3154,0
61.84,845,1,3154,0
61.86,845,1,3154,0
61.88,845,1,3154,0
61.9,845,1,3154,0
61.92,845,1,3154,0
61.94,845,1,3154,0
61.96,845,1,3154,0
61.98,845,1,3154,0
62,845,1,3154,0
62.02,845,1,3154,0
62.04,845,1,3154,0
62.06,845,1,3154,0
62.08,845,1,3154,0
62.1,845,1,3154,0
62.12,845,1,3154,0
62.14,845,1,3154,0
62.16,845,1,3154,0
62.18,845,1,3154,0
62.2,845,1,3154,0
62.22,845,1,3154,0
62.24,845,1,3154,0
62.26,845,1,3154,0
62.28,845,1,3154,0
62.3,845,1,3154,0
62.32,845,1,3154,0
62.34,845,1,3154,0
62.36,845,1,3154,0
62.38,845,1,3154,0
62.4,845,1,3154,0
62.42,845,1,3154,0
62.44,845,1,3154,0
62.46,845,1,3154,0
62.48,845,1,3154,0
62.5,845,1,3154,0
62.52,845,1,3154,0
62.54,845,1,3154,0
62.56,845,1,3154,0
62.58,845,1,3154,0
62.6,845,1,3154,0
62.62,845,1,3154,0
62.64,845,1,3154,0
62.66,845,1,3154,0
62.68,845,1,3154,0
62.7,845,1,3154,0
62.72,845,1,3154,0
62.74,845,1,3154,0
62.76,845,1,3154,0
62.78,845,1,3154,0
62.8,845,1,3154,0
62.82,845,1,3154,0
62.84,845,1,3154,0
62.86,845,1,3154,0
62.88,845,1,3154,0
62.9,845,1,3154,0
62.92,845,1,3154,0
62.94,845,1,3154,0
62.96,845,1,3154,0
62.98,845,1,3154,0
63,845,1,3154,0
63.02,845,1,3154,0
63.04,845,1,3154,0
63.06,845,1,3154,0
63.08,845,1,3154,0
63.1,845,1,3154,0
63.12,845,1,3154,0
63.14,845,1,3154,0
63.16,845,1,3154,0
63.18,845,1,3154,0
63.2,845,1,3154,0
63.22,845,1,3154,0
63.24,845,1,3154,0
63.26,845,1,3154,0
63.28,845,1,3154,0
63.3,845,1,3154,0
63.32,845,1,3154,0
63.34,845,1,3154,0
63.36,845,1,3154,0
63.38,845,1,3154,0
63.4,845,1,3154,0
63.42,845,1,3154,0
63.44,845,1,3154,0
63.46,845,1,3154,0
63.48,845,1,3154,0
63.5,845,1,3154,0
63.52,845,1,3154,0
63.54,845,1,3154,0
63.56,845,1,3154,0
63.58,845,1,3154,0
63.6,845,1,3154,0
63.62,845,1,3154,0
63.64,845,1,3154,0
63.66,845,1,3154,0
63.68,845,1,3154,0
63.7,845,1,3154,0
63.72,845,1,3154,0
63.74,845,1,3154,0
63.76,845,1,3154,0
63.78,845,1,3154,0
63.8,845,1,3154,0
63.82,845,1,3154,0
63.84,845,1,3154,0
63.86,845,1,3154,0
63.88,845,1,3154,0
63.9,845,1,3154,0
63.92,845,1,3154,0
63.94,845,1,3154,0
63.96,845,1,3154,0
63.98,845,1,3154,0
64,845,1,3154,0
64.02,845,1,3154,0
64.04,845,1,3154,0
64.06,845,1,3154,0
64.08,845,1,3154,0
64.1,845,1,3154,0
64.12,845,1,3154,0
64.14,845,1,3154,0
64.16,845,1,3154,0
64.18,845,1,3154,0
64.2,845,1,3154,0
64.22,845,1,3154,0
64.24,845,1,3154,0
64.26,845,1,3154,0
64.28,845,1,3154,0
64.3,845,1,3154,0
64.32,845,1,3154,0
64.34,845,1,3154,0
64.36,845,1,3154,0
64.38,845,1,3154,0
64.4,845,1,3154,0
64.42,845,1,3154,0
64.44,845,1,3154,0
64.46,845,1,3154,0
64.48,845,1,3154,0
64.5,845,1,3154,0
64.52,845,1,3154,0
64.54,845,1,3154,0
64.56,845,1,3154,0
64.58,845,1,3154,0
64.6,845,1,3154,0
64.62,845,1,3154,0
64.64,845,1,3154,0
64.66,845,1,3154,0
64.68,845,1,3154,0
64.7,845,1,3154,0
64.72,845,1,3154,0
64.74,845,1,3154,0
64.76,845,1,3154,0
64.78,845,1,3154,0
64.8,845,1,3154,0
64.82,845,1,3154,0
64.84,845,1,3154,0
64.86,845,1,3154,0
64.88,845,1,3154,0
64.9,845,1,3154,0
64.92,845,1,3154,0
64.94,845,1,3154,0
64.96,845,1,3154,0
64.98,845,1,3154,0
65,845,1,3154,0
65.02,845,1,3154,0
65.04,845,1,3154,0
65.06,845,1,3154,0
65.08,845,1,3154,0
65.1,845,1,3154,0
65.12,845,1,3154,0
65.14,845,1,3154,0
65.16,845,1,3154,0
65.18,845,1,3154,0
65.2,845,1,3154,0
65.22,845,1,3154,0
65.24,845,1,3154,0
65.26,845,1,3154,0
65.28,845,1,3154,0
65.3,845,1,3154,0
65.32,845,1,3154,0
65.34,845,1,3154,0
65.36,845,1,3154,0
65.38,845,1,3154,0
65.4,845,1,3154,0
65.42,845,1,3154,0
65.44,845,1,3154,0
65.46,845,1,3154,0
65.48,845,1,3154,0
65.5,845,1,3154,0
65.52,845,1,3154,0
65.54,845,1,3154,0
65.56,845,1,3154,0
65.58,845,1,3154,0
65.6,845,1,3154,0
65.62,845,1,3154,0
65.64,845,1,3154,0
65.66,845,1,3154,0
65.68,845,1,3154,0
65.7,845,1,3154,0
65.72,845,1,3154,0
65.74,845,1,3154,0
65.76,845,1,3154,0
65.78,845,1,3154,0
65.8,845,1,3154,0
65.82,845,1,3154,0
65.84,845,1,3154,0
65.86,845,1,3154,0
65.88,845,1,3154,0
65.9,845,1,3154,0
65.92,845,1,3154,0
65.94,845,1,3154,0
65.96,845,1,3154,0
65.98,845,1,3154,0
66,845,1,3154,0
66.02,845,1,3154,0
66.04,845,1,3154,0
66.06,845,1,3154,0
66.08,845,1,3154,0
66.1,845,1,3154,0
66.12,845,1,3154,0
66.14,845,1,3154,0
66.16,845,1,3154,0
66.18,845,1,3154,0
66.2,845,1,3154,0
66.22,845,1,3154,0
66.24,845,1,3154,0
66.26,845,1,3154,0
66.28,845,1,3154,0
66.3,845,1,3154,0
66.32,845,1,3154,0
66.34,845,1,3154,0
66.36,845,1,3154,0
66.38,845,0,3155,0
